elapsed_s,current_a,recorded_duration_s
0.000000,-0.002930,0.000000
0.001769,-0.002930,0.001769
0.010386,-0.002930,0.010386
0.013574,-0.542125,0.013574
0.016634,-0.254945,0.016634
0.018956,-0.014652,0.018956
0.022099,+0.096703,0.022099
0.024969,+0.143590,0.024969
0.028155,+0.120147,0.028155
0.030472,+0.084982,0.030472
0.033470,+0.067399,0.033470
0.036501,+0.049817,0.036501
0.038987,+0.049817,0.038987
0.042101,+0.055678,0.042101
0.044996,+0.067399,0.044996
0.047994,+0.061538,0.047994
0.050502,+0.067399,0.050502
0.053660,+0.073260,0.053660
0.056537,+0.084982,0.056537
0.059022,+0.084982,0.059022
0.062060,+0.079121,0.062060
0.065103,+0.067399,0.065103
0.068205,+0.055678,0.068205
0.070604,+0.061538,0.070604
0.073649,+0.073260,0.073649
0.076597,+0.079121,0.076597
0.079067,+0.079121,0.079067
0.082438,+0.079121,0.082438
0.085089,+0.079121,0.085089
0.088067,+0.084982,0.088067
0.090580,+0.084982,0.090580
0.093698,+0.084982,0.093698
0.096915,+0.079121,0.096915
0.099752,+0.079121,0.099752
0.102787,+0.084982,0.102787
0.111495,+0.084982,0.111495
0.114319,+0.084982,0.114319
0.117281,+0.084982,0.117281
0.120347,+0.079121,0.120347
0.123402,+0.079121,0.123402
0.125730,+0.084982,0.125730
0.128727,+0.079121,0.128727
0.131692,+0.079121,0.131692
0.134827,+0.084982,0.134827
0.137721,+0.084982,0.137721
0.140226,+0.079121,0.140226
0.143289,+0.079121,0.143289
0.146227,+0.084982,0.146227
0.148868,+0.084982,0.148868
0.151783,+0.084982,0.151783
0.154704,+0.084982,0.154704
0.157823,+0.084982,0.157823
0.160302,+0.079121,0.160302
0.163526,+0.079121,0.163526
0.166251,+0.084982,0.166251
0.168783,+0.079121,0.168783
0.171762,+0.084982,0.171762
0.175062,+0.079121,0.175062
0.177849,+0.084982,0.177849
0.180293,+0.084982,0.180293
0.183280,+0.079121,0.183280
0.186395,+0.079121,0.186395
0.189037,+0.079121,0.189037
0.191914,+0.084982,0.191914
0.194823,+0.079121,0.194823
0.197824,+0.079121,0.197824
0.200408,+0.079121,0.200408
0.203584,+0.079121,0.203584
0.211352,+0.079121,0.211352
0.214545,+0.079121,0.214545
0.217393,+0.079121,0.217393
0.220435,+0.079121,0.220435
0.223412,+0.079121,0.223412
0.226489,+0.079121,0.226489
0.229094,+0.079121,0.229094
0.231955,+0.079121,0.231955
0.234917,+0.079121,0.234917
0.238055,+0.079121,0.238055
0.240526,+0.079121,0.240526
0.243489,+0.079121,0.243489
0.246418,+0.079121,0.246418
0.248959,+0.079121,0.248959
0.252013,+0.079121,0.252013
0.255054,+0.079121,0.255054
0.257960,+0.079121,0.257960
0.260435,+0.073260,0.260435
0.263440,+0.079121,0.263440
0.266520,+0.079121,0.266520
0.269070,+0.073260,0.269070
0.272073,+0.079121,0.272073
0.274957,+0.073260,0.274957
0.277981,+0.073260,0.277981
0.280581,+0.073260,0.280581
0.283614,+0.073260,0.283614
0.286736,+0.073260,0.286736
0.289123,+0.073260,0.289123
0.292213,+0.073260,0.292213
0.295218,+0.073260,0.295218
0.298077,+0.073260,0.298077
0.300628,+0.073260,0.300628
0.303635,+0.073260,0.303635
0.311571,+0.073260,0.311571
0.314621,+0.073260,0.314621
0.317659,+0.073260,0.317659
0.320203,+0.073260,0.320203
0.323168,+0.079121,0.323168
0.326080,+0.073260,0.326080
0.328695,+0.073260,0.328695
0.331157,+0.073260,0.331157
0.334367,+0.067399,0.334367
0.337138,+0.073260,0.337138
0.339717,+0.073260,0.339717
0.342678,+0.073260,0.342678
0.345722,+0.073260,0.345722
0.348467,+0.073260,0.348467
0.350818,+0.067399,0.350818
0.353781,+0.067399,0.353781
0.356834,+0.067399,0.356834
0.359485,+0.067399,0.359485
0.362578,+0.067399,0.362578
0.365372,+0.073260,0.365372
0.368369,+0.067399,0.368369
0.371370,+0.067399,0.371370
0.374508,+0.067399,0.374508
0.377447,+0.067399,0.377447
0.380047,+0.067399,0.380047
0.382972,+0.067399,0.382972
0.385979,+0.061538,0.385979
0.388675,+0.067399,0.388675
0.391035,+0.067399,0.391035
0.394269,+0.067399,0.394269
0.397031,+0.067399,0.397031
0.400096,+0.067399,0.400096
0.403075,+0.067399,0.403075
0.406019,+0.061538,0.406019
0.414668,+0.067399,0.414668
0.417651,+0.067399,0.417651
0.420079,+0.067399,0.420079
0.423108,+0.073260,0.423108
0.426143,+0.067399,0.426143
0.428804,+0.067399,0.428804
0.431136,+0.067399,0.431136
0.434081,+0.067399,0.434081
0.437112,+0.067399,0.437112
0.440388,+0.067399,0.440388
0.443177,+0.061538,0.443177
0.446090,+0.061538,0.446090
0.448632,+0.067399,0.448632
0.451140,+0.067399,0.451140
0.454233,+0.067399,0.454233
0.457381,+0.067399,0.457381
0.460190,+0.067399,0.460190
0.463133,+0.061538,0.463133
0.466155,+0.061538,0.466155
0.468738,+0.061538,0.468738
0.471728,+0.061538,0.471728
0.474710,+0.061538,0.474710
0.477689,+0.067399,0.477689
0.480269,+0.061538,0.480269
0.483241,+0.061538,0.483241
0.486708,+0.055678,0.486708
0.489818,+0.055678,0.489818
0.492822,+0.061538,0.492822
0.495831,+0.061538,0.495831
0.498804,+0.061538,0.498804
0.502261,+0.061538,0.502261
0.504896,+0.055678,0.504896
0.507891,+0.061538,0.507891
0.516668,+0.061538,0.516668
0.519340,+0.061538,0.519340
0.522317,+0.061538,0.522317
0.525259,+0.061538,0.525259
0.528231,+0.061538,0.528231
0.530845,+0.055678,0.530845
0.533957,+0.061538,0.533957
0.536758,+0.061538,0.536758
0.539756,+0.055678,0.539756
0.542747,+0.055678,0.542747
0.545787,+0.061538,0.545787
0.548983,+0.061538,0.548983
0.551847,+0.061538,0.551847
0.554777,+0.061538,0.554777
0.557770,+0.061538,0.557770
0.560845,+0.055678,0.560845
0.563797,+0.055678,0.563797
0.566764,+0.055678,0.566764
0.569307,+0.061538,0.569307
0.572340,+0.055678,0.572340
0.575390,+0.055678,0.575390
0.578341,+0.055678,0.578341
0.581418,+0.055678,0.581418
0.584371,+0.055678,0.584371
0.587622,+0.055678,0.587622
0.590143,+0.055678,0.590143
0.593156,+0.055678,0.593156
0.596300,+0.055678,0.596300
0.599196,+0.055678,0.599196
0.602230,+0.055678,0.602230
0.605175,+0.055678,0.605175
0.608151,+0.055678,0.608151
0.616718,+0.055678,0.616718
0.619198,+0.055678,0.619198
0.622291,+0.049817,0.622291
0.624684,+0.055678,0.624684
0.627922,+0.055678,0.627922
0.630215,+0.055678,0.630215
0.632751,+0.049817,0.632751
0.635258,+0.055678,0.635258
0.638290,+0.055678,0.638290
0.641060,+0.055678,0.641060
0.644097,+0.055678,0.644097
0.646984,+0.055678,0.646984
0.650171,+0.055678,0.650171
0.653215,+0.055678,0.653215
0.656226,+0.055678,0.656226
0.659141,+0.049817,0.659141
0.662166,+0.049817,0.662166
0.665141,+0.049817,0.665141
0.668316,+0.049817,0.668316
0.670946,+0.055678,0.670946
0.673757,+0.049817,0.673757
0.676481,+0.049817,0.676481
0.678979,+0.049817,0.678979
0.682014,+0.049817,0.682014
0.684484,+0.049817,0.684484
0.687543,+0.049817,0.687543
0.690098,+0.049817,0.690098
0.693126,+0.049817,0.693126
0.696096,+0.049817,0.696096
0.698515,+0.049817,0.698515
0.701057,+0.049817,0.701057
0.704185,+0.049817,0.704185
0.707292,+0.049817,0.707292
0.710118,+0.049817,0.710118
0.718584,+0.049817,0.718584
0.721224,+0.049817,0.721224
0.724137,+0.049817,0.724137
0.727089,+0.049817,0.727089
0.730099,+0.043956,0.730099
0.733176,+0.049817,0.733176
0.736347,+0.049817,0.736347
0.738661,+0.043956,0.738661
0.741105,+0.049817,0.741105
0.744137,+0.043956,0.744137
0.747264,+0.049817,0.747264
0.750161,+0.049817,0.750161
0.753161,+0.049817,0.753161
0.756116,+0.049817,0.756116
0.758667,+0.043956,0.758667
0.761229,+0.043956,0.761229
0.764241,+0.043956,0.764241
0.767338,+0.043956,0.767338
0.770241,+0.043956,0.770241
0.773271,+0.043956,0.773271
0.776237,+0.049817,0.776237
0.778688,+0.043956,0.778688
0.781773,+0.043956,0.781773
0.784674,+0.043956,0.784674
0.787872,+0.043956,0.787872
0.790207,+0.049817,0.790207
0.793221,+0.043956,0.793221
0.796197,+0.043956,0.796197
0.798838,+0.043956,0.798838
0.801846,+0.043956,0.801846
0.804735,+0.043956,0.804735
0.807728,+0.043956,0.807728
0.810206,+0.043956,0.810206
0.818755,+0.043956,0.818755
0.821785,+0.043956,0.821785
0.824725,+0.038095,0.824725
0.827935,+0.043956,0.827935
0.830557,+0.049817,0.830557
0.833319,+0.043956,0.833319
0.836263,+0.043956,0.836263
0.838828,+0.043956,0.838828
0.841925,+0.043956,0.841925
0.844838,+0.043956,0.844838
0.847804,+0.043956,0.847804
0.850806,+0.043956,0.850806
0.853860,+0.043956,0.853860
0.856851,+0.038095,0.856851
0.859529,+0.038095,0.859529
0.862572,+0.032234,0.862572
0.865536,+0.038095,0.865536
0.870119,+0.038095,0.870119
0.873057,+0.038095,0.873057
0.876102,+0.038095,0.876102
0.878667,+0.038095,0.878667
0.881307,+0.038095,0.881307
0.884236,+0.038095,0.884236
0.887230,+0.038095,0.887230
0.889960,+0.038095,0.889960
0.892845,+0.038095,0.892845
0.895806,+0.038095,0.895806
0.898747,+0.038095,0.898747
0.901771,+0.038095,0.901771
0.904756,+0.038095,0.904756
0.908001,+0.038095,0.908001
0.910819,+0.038095,0.910819
0.919351,+0.038095,0.919351
0.922445,+0.038095,0.922445
0.925477,+0.038095,0.925477
0.928388,+0.038095,0.928388
0.931085,+0.038095,0.931085
0.934118,+0.038095,0.934118
0.937124,+0.038095,0.937124
0.940111,+0.038095,0.940111
0.943078,+0.038095,0.943078
0.946107,+0.038095,0.946107
0.949519,+0.038095,0.949519
0.952460,+0.038095,0.952460
0.955417,+0.032234,0.955417
0.958407,+0.032234,0.958407
0.961118,+0.038095,0.961118
0.963893,+0.032234,0.963893
0.967019,+0.032234,0.967019
0.969503,+0.032234,0.969503
0.972627,+0.038095,0.972627
0.975634,+0.032234,0.975634
0.978659,+0.032234,0.978659
0.981104,+0.032234,0.981104
0.984324,+0.032234,0.984324
0.987283,+0.038095,0.987283
0.989893,+0.032234,0.989893
0.992874,+0.032234,0.992874
0.995283,+0.032234,0.995283
0.998401,+0.032234,0.998401
1.001472,+0.032234,1.001472
1.004446,+0.038095,1.004446
1.007373,+0.038095,1.007373
1.010320,+0.038095,1.010320
1.013902,+0.032234,1.013902
1.023280,+0.032234,1.023280
1.026431,+0.038095,1.026431
1.028997,+0.038095,1.028997
1.031830,+0.032234,1.031830
1.034847,+0.032234,1.034847
1.037832,+0.032234,1.037832
1.040391,+0.032234,1.040391
1.043356,+0.032234,1.043356
1.046448,+0.032234,1.046448
1.048945,+0.026374,1.048945
1.051928,+0.026374,1.051928
1.054899,+0.032234,1.054899
1.057922,+0.032234,1.057922
1.060431,+0.026374,1.060431
1.063436,+0.032234,1.063436
1.066484,+0.032234,1.066484
1.069056,+0.026374,1.069056
1.071955,+0.032234,1.071955
1.074917,+0.026374,1.074917
1.078028,+0.032234,1.078028
1.080661,+0.026374,1.080661
1.083491,+0.026374,1.083491
1.086477,+0.026374,1.086477
1.088973,+0.032234,1.088973
1.092254,+0.032234,1.092254
1.095351,+0.032234,1.095351
1.098048,+0.026374,1.098048
1.101062,+0.026374,1.101062
1.104178,+0.032234,1.104178
1.107510,+0.032234,1.107510
1.110170,+0.026374,1.110170
1.113155,+0.026374,1.113155
1.116034,+0.026374,1.116034
1.125791,+0.026374,1.125791
1.128762,+0.026374,1.128762
1.131740,+0.026374,1.131740
1.134956,+0.026374,1.134956
1.138219,+0.026374,1.138219
1.140939,+0.026374,1.140939
1.143807,+0.032234,1.143807
1.146886,+0.026374,1.146886
1.149332,+0.026374,1.149332
1.152380,+0.026374,1.152380
1.155402,+0.026374,1.155402
1.158378,+0.020513,1.158378
1.161389,+0.020513,1.161389
1.164318,+0.020513,1.164318
1.167246,+0.020513,1.167246
1.169895,+0.020513,1.169895
1.172839,+0.020513,1.172839
1.175928,+0.020513,1.175928
1.178878,+0.020513,1.178878
1.181881,+0.020513,1.181881
1.184974,+0.020513,1.184974
1.188056,+0.020513,1.188056
1.190462,+0.020513,1.190462
1.193394,+0.026374,1.193394
1.195872,+0.026374,1.195872
1.198462,+0.026374,1.198462
1.201628,+0.026374,1.201628
1.204799,+0.026374,1.204799
1.208002,+0.026374,1.208002
1.210998,+0.026374,1.210998
1.214028,+0.026374,1.214028
1.217231,+0.020513,1.217231
1.225974,+0.020513,1.225974
1.229087,+0.020513,1.229087
1.232002,+0.020513,1.232002
1.234990,+0.020513,1.234990
1.237998,+0.020513,1.237998
1.240610,+0.026374,1.240610
1.243509,+0.020513,1.243509
1.246574,+0.020513,1.246574
1.249029,+0.020513,1.249029
1.252056,+0.014652,1.252056
1.255152,+0.014652,1.255152
1.258058,+0.014652,1.258058
1.260540,+0.014652,1.260540
1.263649,+0.014652,1.263649
1.266682,+0.014652,1.266682
1.269099,+0.020513,1.269099
1.272084,+0.014652,1.272084
1.275076,+0.014652,1.275076
1.278057,+0.014652,1.278057
1.280670,+0.014652,1.280670
1.283577,+0.014652,1.283577
1.286653,+0.014652,1.286653
1.289110,+0.014652,1.289110
1.292141,+0.014652,1.292141
1.295318,+0.020513,1.295318
1.298133,+0.020513,1.298133
1.300645,+0.014652,1.300645
1.303651,+0.014652,1.303651
1.306799,+0.014652,1.306799
1.309212,+0.014652,1.309212
1.312182,+0.014652,1.312182
1.315154,+0.020513,1.315154
1.318174,+0.014652,1.318174
1.326885,+0.014652,1.326885
1.329219,+0.020513,1.329219
1.332200,+0.020513,1.332200
1.335251,+0.020513,1.335251
1.338225,+0.014652,1.338225
1.340669,+0.008791,1.340669
1.343718,+0.020513,1.343718
1.346728,+0.014652,1.346728
1.349248,+0.014652,1.349248
1.352275,+0.008791,1.352275
1.355204,+0.008791,1.355204
1.358365,+0.014652,1.358365
1.361041,+0.008791,1.361041
1.363764,+0.008791,1.363764
1.366251,+0.008791,1.366251
1.369289,+0.008791,1.369289
1.372385,+0.008791,1.372385
1.375233,+0.008791,1.375233
1.378257,+0.008791,1.378257
1.380715,+0.008791,1.380715
1.383678,+0.008791,1.383678
1.386744,+0.014652,1.386744
1.389169,+0.008791,1.389169
1.392053,+0.014652,1.392053
1.394982,+0.014652,1.394982
1.398144,+0.014652,1.398144
1.401004,+0.008791,1.401004
1.403892,+0.014652,1.403892
1.406878,+0.008791,1.406878
1.409870,+0.008791,1.409870
1.412878,+0.008791,1.412878
1.415924,+0.008791,1.415924
1.418887,+0.014652,1.418887
1.428004,+0.008791,1.428004
1.430391,+0.008791,1.430391
1.433381,+0.008791,1.433381
1.436526,+0.008791,1.436526
1.438923,+0.008791,1.438923
1.442073,+0.008791,1.442073
1.444890,+0.014652,1.444890
1.447909,+0.014652,1.447909
1.450402,+0.014652,1.450402
1.453575,+0.008791,1.453575
1.456469,+0.008791,1.456469
1.459018,+0.014652,1.459018
1.462058,+0.008791,1.462058
1.465075,+0.008791,1.465075
1.468279,+0.008791,1.468279
1.471043,+0.008791,1.471043
1.474056,+0.008791,1.474056
1.477019,+0.014652,1.477019
1.480039,+0.008791,1.480039
1.483016,+0.008791,1.483016
1.486101,+0.008791,1.486101
1.489047,+0.008791,1.489047
1.491905,+0.008791,1.491905
1.495237,+0.008791,1.495237
1.497943,+0.014652,1.497943
1.500507,+0.008791,1.500507
1.503474,+0.014652,1.503474
1.506622,+0.014652,1.506622
1.509112,+0.008791,1.509112
1.512331,+0.014652,1.512331
1.515087,+0.014652,1.515087
1.518191,+0.014652,1.518191
1.520709,+0.014652,1.520709
1.528979,+0.014652,1.528979
1.532359,+0.014652,1.532359
1.535421,+0.014652,1.535421
1.538069,+0.008791,1.538069
1.540536,+0.008791,1.540536
1.543700,+0.014652,1.543700
1.547551,+0.014652,1.547551
1.550213,+0.014652,1.550213
1.553131,+0.008791,1.553131
1.556050,+0.014652,1.556050
1.559070,+0.014652,1.559070
1.562309,+0.014652,1.562309
1.565131,+0.014652,1.565131
1.568058,+0.008791,1.568058
1.570583,+0.014652,1.570583
1.573751,+0.014652,1.573751
1.576715,+0.014652,1.576715
1.579213,+0.008791,1.579213
1.582200,+0.008791,1.582200
1.585082,+0.008791,1.585082
1.588224,+0.008791,1.588224
1.590575,+0.008791,1.590575
1.593749,+0.008791,1.593749
1.596124,+0.008791,1.596124
1.598654,+0.014652,1.598654
1.601241,+0.014652,1.601241
1.604181,+0.014652,1.604181
1.607174,+0.014652,1.607174
1.610204,+0.008791,1.610204
1.613207,+0.008791,1.613207
1.616198,+0.008791,1.616198
1.618682,+0.008791,1.618682
1.621160,+0.008791,1.621160
1.630180,+0.014652,1.630180
1.633217,+0.008791,1.633217
1.636199,+0.014652,1.636199
1.638758,+0.014652,1.638758
1.642085,+0.008791,1.642085
1.644760,+0.014652,1.644760
1.647702,+0.014652,1.647702
1.650197,+0.014652,1.650197
1.653277,+0.008791,1.653277
1.656425,+0.008791,1.656425
1.658757,+0.014652,1.658757
1.661742,+0.014652,1.661742
1.664788,+0.008791,1.664788
1.667944,+0.008791,1.667944
1.670252,+0.008791,1.670252
1.673397,+0.014652,1.673397
1.676284,+0.008791,1.676284
1.678776,+0.008791,1.678776
1.681844,+0.014652,1.681844
1.684787,+0.014652,1.684787
1.687828,+0.014652,1.687828
1.690315,+0.014652,1.690315
1.693392,+0.014652,1.693392
1.696357,+0.008791,1.696357
1.698840,+0.008791,1.698840
1.701790,+0.002930,1.701790
1.705000,+0.008791,1.705000
1.708018,+0.014652,1.708018
1.710371,+0.014652,1.710371
1.713365,+0.014652,1.713365
1.716316,+0.014652,1.716316
1.718877,+0.014652,1.718877
1.721976,+0.008791,1.721976
1.730371,+0.008791,1.730371
1.733767,+0.008791,1.733767
1.736456,+0.014652,1.736456
1.738866,+0.014652,1.738866
1.741900,+0.014652,1.741900
1.744891,+0.014652,1.744891
1.748060,+0.014652,1.748060
1.750549,+0.014652,1.750549
1.753458,+0.014652,1.753458
1.756424,+0.014652,1.756424
1.758932,+0.008791,1.758932
1.762143,+0.008791,1.762143
1.764707,+0.014652,1.764707
1.767671,+0.008791,1.767671
1.770158,+0.008791,1.770158
1.773235,+0.008791,1.773235
1.776356,+0.014652,1.776356
1.778719,+0.008791,1.778719
1.781198,+0.008791,1.781198
1.784249,+0.008791,1.784249
1.787356,+0.008791,1.787356
1.790269,+0.008791,1.790269
1.793196,+0.008791,1.793196
1.796242,+0.014652,1.796242
1.798719,+0.008791,1.798719
1.802031,+0.008791,1.802031
1.804754,+0.008791,1.804754
1.807722,+0.008791,1.807722
1.810248,+0.008791,1.810248
1.813391,+0.014652,1.813391
1.816359,+0.014652,1.816359
1.818775,+0.014652,1.818775
1.821794,+0.014652,1.821794
1.824759,+0.014652,1.824759
1.833386,+0.008791,1.833386
1.836328,+0.014652,1.836328
1.838832,+0.008791,1.838832
1.842107,+0.014652,1.842107
1.844818,+0.014652,1.844818
1.847902,+0.014652,1.847902
1.850364,+0.014652,1.850364
1.853490,+0.008791,1.853490
1.856386,+0.008791,1.856386
1.859097,+0.008791,1.859097
1.861845,+0.014652,1.861845
1.865027,+0.014652,1.865027
1.868113,+0.014652,1.868113
1.870902,+0.008791,1.870902
1.873880,+0.008791,1.873880
1.876875,+0.008791,1.876875
1.879982,+0.008791,1.879982
1.882932,+0.008791,1.882932
1.885867,+0.014652,1.885867
1.888894,+0.008791,1.888894
1.891368,+0.008791,1.891368
1.894481,+0.008791,1.894481
1.897048,+0.008791,1.897048
1.899968,+0.014652,1.899968
1.903066,+0.008791,1.903066
1.905911,+0.014652,1.905911
1.909077,+0.014652,1.909077
1.911924,+0.008791,1.911924
1.914872,+0.008791,1.914872
1.917881,+0.014652,1.917881
1.920514,+0.014652,1.920514
1.923468,+0.014652,1.923468
1.926402,+0.014652,1.926402
1.935051,+0.014652,1.935051
1.937945,+0.008791,1.937945
1.940451,+0.014652,1.940451
1.943444,+0.008791,1.943444
1.946518,+0.008791,1.946518
1.949313,+0.014652,1.949313
1.952130,+0.014652,1.952130
1.955058,+0.014652,1.955058
1.958009,+0.014652,1.958009
1.960664,+0.014652,1.960664
1.963773,+0.020513,1.963773
1.966576,+0.014652,1.966576
1.969003,+0.014652,1.969003
1.971989,+0.014652,1.971989
1.975210,+0.014652,1.975210
1.978006,+0.014652,1.978006
1.980715,+0.008791,1.980715
1.983495,+0.008791,1.983495
1.986577,+0.008791,1.986577
1.989183,+0.008791,1.989183
1.992051,+0.008791,1.992051
1.995035,+0.008791,1.995035
1.997532,+0.014652,1.997532
2.000095,+0.014652,2.000095
2.003125,+0.008791,2.003125
2.006049,+0.008791,2.006049
2.009083,+0.014652,2.009083
2.012130,+0.014652,2.012130
2.015220,+0.014652,2.015220
2.018102,+0.008791,2.018102
2.020720,+0.008791,2.020720
2.023617,+0.014652,2.023617
2.027009,+0.008791,2.027009
2.036127,+0.008791,2.036127
2.038693,+0.008791,2.038693
2.041261,+0.008791,2.041261
2.044222,+0.008791,2.044222
2.047269,+0.008791,2.047269
2.050182,+0.008791,2.050182
2.053294,+0.014652,2.053294
2.056239,+0.014652,2.056239
2.058740,+0.014652,2.058740
2.061197,+0.014652,2.061197
2.064213,+0.008791,2.064213
2.067369,+0.008791,2.067369
2.070275,+0.008791,2.070275
2.073239,+0.008791,2.073239
2.076264,+0.008791,2.076264
2.078856,+0.008791,2.078856
2.081385,+0.008791,2.081385
2.084241,+0.008791,2.084241
2.087373,+0.014652,2.087373
2.090246,+0.014652,2.090246
2.093330,+0.014652,2.093330
2.096303,+0.014652,2.096303
2.098752,+0.014652,2.098752
2.101781,+0.014652,2.101781
2.104757,+0.014652,2.104757
2.107941,+0.008791,2.107941
2.110390,+0.008791,2.110390
2.113300,+0.008791,2.113300
2.116269,+0.008791,2.116269
2.118956,+0.008791,2.118956
2.121976,+0.008791,2.121976
2.124835,+0.014652,2.124835
2.127808,+0.008791,2.127808
2.136401,+0.008791,2.136401
2.138842,+0.008791,2.138842
2.141910,+0.014652,2.141910
2.144844,+0.008791,2.144844
2.148009,+0.014652,2.148009
2.150393,+0.008791,2.150393
2.153330,+0.008791,2.153330
2.156364,+0.008791,2.156364
2.158853,+0.008791,2.158853
2.161978,+0.014652,2.161978
2.164847,+0.008791,2.164847
2.167897,+0.008791,2.167897
2.170342,+0.008791,2.170342
2.173596,+0.008791,2.173596
2.176458,+0.008791,2.176458
2.178911,+0.008791,2.178911
2.182147,+0.014652,2.182147
2.184944,+0.014652,2.184944
2.188205,+0.014652,2.188205
2.190919,+0.014652,2.190919
2.193878,+0.014652,2.193878
2.197028,+0.014652,2.197028
2.200015,+0.008791,2.200015
2.202985,+0.008791,2.202985
2.205904,+0.008791,2.205904
2.208897,+0.014652,2.208897
2.211954,+0.014652,2.211954
2.215076,+0.008791,2.215076
2.217927,+0.008791,2.217927
2.220401,+0.008791,2.220401
2.223380,+0.008791,2.223380
2.226469,+0.014652,2.226469
2.229131,+0.014652,2.229131
2.238061,+0.008791,2.238061
2.240615,+0.014652,2.240615
2.243646,+0.014652,2.243646
2.246471,+0.014652,2.246471
2.249014,+0.008791,2.249014
2.252087,+0.008791,2.252087
2.255150,+0.008791,2.255150
2.258008,+0.014652,2.258008
2.260531,+0.014652,2.260531
2.263500,+0.014652,2.263500
2.266570,+0.008791,2.266570
2.269213,+0.014652,2.269213
2.272070,+0.014652,2.272070
2.275080,+0.014652,2.275080
2.278032,+0.014652,2.278032
2.280598,+0.014652,2.280598
2.283579,+0.014652,2.283579
2.286515,+0.014652,2.286515
2.289073,+0.014652,2.289073
2.292115,+0.014652,2.292115
2.295237,+0.008791,2.295237
2.298071,+0.014652,2.298071
2.300631,+0.014652,2.300631
2.303583,+0.014652,2.303583
2.306733,+0.014652,2.306733
2.309198,+0.014652,2.309198
2.312150,+0.014652,2.312150
2.315080,+0.008791,2.315080
2.318115,+0.008791,2.318115
2.321369,+0.008791,2.321369
2.324152,+0.008791,2.324152
2.327201,+0.014652,2.327201
2.330154,+0.014652,2.330154
2.339113,+0.014652,2.339113
2.342142,+0.008791,2.342142
2.345107,+0.008791,2.345107
2.348324,+0.008791,2.348324
2.351113,+0.008791,2.351113
2.354157,+0.008791,2.354157
2.357085,+0.008791,2.357085
2.360684,+0.008791,2.360684
2.363533,+0.008791,2.363533
2.366519,+0.014652,2.366519
2.369116,+0.008791,2.369116
2.372048,+0.008791,2.372048
2.375227,+0.014652,2.375227
2.378053,+0.008791,2.378053
2.381020,+0.008791,2.381020
2.384063,+0.008791,2.384063
2.387267,+0.008791,2.387267
2.390193,+0.008791,2.390193
2.393235,+0.008791,2.393235
2.396128,+0.008791,2.396128
2.399766,+0.008791,2.399766
2.403377,+0.008791,2.403377
2.406441,+0.008791,2.406441
2.409444,+0.008791,2.409444
2.412458,+0.008791,2.412458
2.415674,+0.014652,2.415674
2.418469,+0.014652,2.418469
2.421196,+0.014652,2.421196
2.424178,+0.008791,2.424178
2.427380,+0.014652,2.427380
2.429884,+0.014652,2.429884
2.432860,+0.014652,2.432860
2.441867,+0.014652,2.441867
2.444847,+0.014652,2.444847
2.447867,+0.014652,2.447867
2.450868,+0.008791,2.450868
2.454118,+0.008791,2.454118
2.456927,+0.008791,2.456927
2.460101,+0.008791,2.460101
2.463136,+0.008791,2.463136
2.466080,+0.008791,2.466080
2.469837,+0.008791,2.469837
2.472413,+0.008791,2.472413
2.475361,+0.008791,2.475361
2.478399,+0.008791,2.478399
2.481666,+0.008791,2.481666
2.484444,+0.014652,2.484444
2.487422,+0.014652,2.487422
2.490200,+0.014652,2.490200
2.493351,+0.008791,2.493351
2.496273,+0.008791,2.496273
2.499226,+0.014652,2.499226
2.502164,+0.014652,2.502164
2.505205,+0.014652,2.505205
2.508848,+0.008791,2.508848
2.512036,+0.008791,2.512036
2.515187,+0.014652,2.515187
2.518098,+0.014652,2.518098
2.521502,+0.008791,2.521502
2.524390,+0.008791,2.524390
2.527335,+0.014652,2.527335
2.530441,+0.014652,2.530441
2.533358,+0.014652,2.533358
2.542148,+0.014652,2.542148
2.545294,+0.014652,2.545294
2.548407,+0.008791,2.548407
2.551732,+0.014652,2.551732
2.554519,+0.008791,2.554519
2.557419,+0.008791,2.557419
2.560328,+0.008791,2.560328
2.563271,+0.008791,2.563271
2.566147,+0.008791,2.566147
2.569173,+0.008791,2.569173
2.572192,+0.008791,2.572192
2.575274,+0.008791,2.575274
2.578141,+0.008791,2.578141
2.580591,+0.014652,2.580591
2.583908,+0.014652,2.583908
2.586757,+0.008791,2.586757
2.589222,+0.008791,2.589222
2.592166,+0.014652,2.592166
2.595161,+0.008791,2.595161
2.598264,+0.008791,2.598264
2.600887,+0.008791,2.600887
2.603714,+0.008791,2.603714
2.606778,+0.008791,2.606778
2.609227,+0.008791,2.609227
2.612270,+0.008791,2.612270
2.615845,+0.008791,2.615845
2.618438,+0.008791,2.618438
2.621276,+0.008791,2.621276
2.624321,+0.008791,2.624321
2.627506,+0.008791,2.627506
2.630340,+0.008791,2.630340
2.633343,+0.014652,2.633343
2.636334,+0.014652,2.636334
2.645801,+0.014652,2.645801
2.648903,+0.014652,2.648903
2.651304,+0.014652,2.651304
2.654423,+0.014652,2.654423
2.657419,+0.008791,2.657419
2.660238,+0.008791,2.660238
2.663329,+0.008791,2.663329
2.666272,+0.008791,2.666272
2.668948,+0.008791,2.668948
2.671356,+0.014652,2.671356
2.674417,+0.008791,2.674417
2.677369,+0.008791,2.677369
2.680566,+0.008791,2.680566
2.683330,+0.014652,2.683330
2.686345,+0.014652,2.686345
2.688822,+0.008791,2.688822
2.691811,+0.014652,2.691811
2.695019,+0.014652,2.695019
2.697840,+0.008791,2.697840
2.700310,+0.014652,2.700310
2.703478,+0.014652,2.703478
2.706374,+0.014652,2.706374
2.708981,+0.014652,2.708981
2.711904,+0.008791,2.711904
2.714983,+0.008791,2.714983
2.717965,+0.008791,2.717965
2.720577,+0.014652,2.720577
2.723531,+0.014652,2.723531
2.726779,+0.008791,2.726779
2.730233,+0.008791,2.730233
2.733079,+0.014652,2.733079
2.736170,+0.014652,2.736170
2.739071,+0.020513,2.739071
2.748085,+0.014652,2.748085
2.750526,+0.008791,2.750526
2.753554,+0.008791,2.753554
2.756662,+0.008791,2.756662
2.759061,+0.008791,2.759061
2.762155,+0.014652,2.762155
2.765057,+0.014652,2.765057
2.768042,+0.014652,2.768042
2.770567,+0.014652,2.770567
2.773797,+0.014652,2.773797
2.776619,+0.014652,2.776619
2.779053,+0.014652,2.779053
2.782055,+0.008791,2.782055
2.785001,+0.008791,2.785001
2.788382,+0.008791,2.788382
2.791046,+0.008791,2.791046
2.794028,+0.008791,2.794028
2.797160,+0.008791,2.797160
2.800306,+0.014652,2.800306
2.803176,+0.014652,2.803176
2.806252,+0.008791,2.806252
2.809189,+0.008791,2.809189
2.812206,+0.014652,2.812206
2.815251,+0.008791,2.815251
2.818176,+0.008791,2.818176
2.820668,+0.008791,2.820668
2.823656,+0.008791,2.823656
2.826826,+0.014652,2.826826
2.830281,+0.008791,2.830281
2.833176,+0.014652,2.833176
2.836256,+0.014652,2.836256
2.839681,+0.014652,2.839681
2.849084,+0.014652,2.849084
2.852359,+0.014652,2.852359
2.855286,+0.014652,2.855286
2.858156,+0.014652,2.858156
2.860643,+0.014652,2.860643
2.863625,+0.014652,2.863625
2.867300,+0.008791,2.867300
2.870234,+0.008791,2.870234
2.873147,+0.008791,2.873147
2.876142,+0.008791,2.876142
2.879126,+0.014652,2.879126
2.882357,+0.008791,2.882357
2.885169,+0.008791,2.885169
2.888127,+0.008791,2.888127
2.890724,+0.014652,2.890724
2.893843,+0.014652,2.893843
2.896739,+0.020513,2.896739
2.899247,+0.014652,2.899247
2.902210,+0.014652,2.902210
2.905277,+0.014652,2.905277
2.908425,+0.014652,2.908425
2.911321,+0.008791,2.911321
2.914310,+0.014652,2.914310
2.917310,+0.014652,2.917310
2.920443,+0.014652,2.920443
2.923319,+0.008791,2.923319
2.926335,+0.008791,2.926335
2.929380,+0.014652,2.929380
2.932241,+0.008791,2.932241
2.935267,+0.014652,2.935267
2.938221,+0.008791,2.938221
2.940701,+0.008791,2.940701
2.949478,+0.008791,2.949478
2.952390,+0.008791,2.952390
2.955403,+0.008791,2.955403
2.958337,+0.008791,2.958337
2.961002,+0.014652,2.961002
2.963814,+0.014652,2.963814
2.966734,+0.014652,2.966734
2.969245,+0.008791,2.969245
2.972281,+0.014652,2.972281
2.975413,+0.014652,2.975413
2.978297,+0.014652,2.978297
2.980784,+0.014652,2.980784
2.983850,+0.014652,2.983850
2.986930,+0.008791,2.986930
2.989994,+0.008791,2.989994
2.992856,+0.008791,2.992856
2.995835,+0.008791,2.995835
2.998847,+0.014652,2.998847
3.002038,+0.008791,3.002038
3.004827,+0.008791,3.004827
3.007889,+0.008791,3.007889
3.010309,+0.008791,3.010309
3.013573,+0.014652,3.013573
3.016505,+0.014652,3.016505
3.018893,+0.008791,3.018893
3.021882,+0.008791,3.021882
3.024828,+0.014652,3.024828
3.027927,+0.014652,3.027927
3.030407,+0.008791,3.030407
3.033332,+0.014652,3.033332
3.036547,+0.014652,3.036547
3.038888,+0.008791,3.038888
3.042114,+0.008791,3.042114
3.050353,+0.008791,3.050353
3.053493,+0.008791,3.053493
3.056403,+0.008791,3.056403
3.058895,+0.008791,3.058895
3.061897,+0.008791,3.061897
3.064893,+0.008791,3.064893
3.068275,+0.014652,3.068275
3.070947,+0.014652,3.070947
3.073880,+0.008791,3.073880
3.076923,+0.008791,3.076923
3.080094,+0.008791,3.080094
3.082978,+0.008791,3.082978
3.085966,+0.008791,3.085966
3.088973,+0.008791,3.088973
3.092005,+0.008791,3.092005
3.095084,+0.008791,3.095084
3.097988,+0.008791,3.097988
3.100485,+0.008791,3.100485
3.103456,+0.008791,3.103456
3.106513,+0.008791,3.106513
3.109029,+0.008791,3.109029
3.112006,+0.008791,3.112006
3.114966,+0.014652,3.114966
3.117955,+0.008791,3.117955
3.120570,+0.008791,3.120570
3.123532,+0.014652,3.123532
3.126094,+0.008791,3.126094
3.129212,+0.008791,3.129212
3.132057,+0.008791,3.132057
3.135174,+0.008791,3.135174
3.137999,+0.014652,3.137999
3.140473,+0.008791,3.140473
3.143494,+0.008791,3.143494
3.152023,+0.008791,3.152023
3.155007,+0.008791,3.155007
3.158040,+0.008791,3.158040
3.160609,+0.008791,3.160609
3.163722,+0.008791,3.163722
3.166526,+0.008791,3.166526
3.169053,+0.014652,3.169053
3.172257,+0.014652,3.172257
3.175139,+0.014652,3.175139
3.178158,+0.008791,3.178158
3.180572,+0.008791,3.180572
3.183542,+0.014652,3.183542
3.186642,+0.014652,3.186642
3.189163,+0.014652,3.189163
3.192121,+0.014652,3.192121
3.195136,+0.014652,3.195136
3.198122,+0.008791,3.198122
3.200763,+0.014652,3.200763
3.203651,+0.008791,3.203651
3.206648,+0.014652,3.206648
3.209223,+0.008791,3.209223
3.212170,+0.014652,3.212170
3.215255,+0.014652,3.215255
3.218142,+0.008791,3.218142
3.220635,+0.008791,3.220635
3.223714,+0.008791,3.223714
3.226831,+0.008791,3.226831
3.229285,+0.008791,3.229285
3.232211,+0.008791,3.232211
3.235173,+0.008791,3.235173
3.238193,+0.014652,3.238193
3.240963,+0.014652,3.240963
3.243865,+0.014652,3.243865
3.252747,+0.014652,3.252747
3.255897,+0.008791,3.255897
3.258786,+0.008791,3.258786
3.261832,+0.008791,3.261832
3.264794,+0.008791,3.264794
3.267985,+0.008791,3.267985
3.270909,+0.008791,3.270909
3.273981,+0.008791,3.273981
3.276818,+0.008791,3.276818
3.279876,+0.014652,3.279876
3.282831,+0.014652,3.282831
3.285822,+0.014652,3.285822
3.288815,+0.008791,3.288815
3.291778,+0.008791,3.291778
3.294997,+0.014652,3.294997
3.297850,+0.014652,3.297850
3.300838,+0.014652,3.300838
3.304079,+0.014652,3.304079
3.306846,+0.014652,3.306846
3.309843,+0.014652,3.309843
3.312792,+0.014652,3.312792
3.315801,+0.008791,3.315801
3.318806,+0.008791,3.318806
3.321846,+0.008791,3.321846
3.324796,+0.014652,3.324796
3.327809,+0.008791,3.327809
3.330308,+0.014652,3.330308
3.333366,+0.008791,3.333366
3.336330,+0.008791,3.336330
3.339333,+0.008791,3.339333
3.342313,+0.008791,3.342313
3.345426,+0.008791,3.345426
3.354094,+0.008791,3.354094
3.357161,+0.014652,3.357161
3.360769,+0.014652,3.360769
3.363651,+0.014652,3.363651
3.366530,+0.008791,3.366530
3.369284,+0.008791,3.369284
3.372308,+0.014652,3.372308
3.375394,+0.008791,3.375394
3.378028,+0.008791,3.378028
3.380427,+0.008791,3.380427
3.383502,+0.008791,3.383502
3.386621,+0.008791,3.386621
3.389071,+0.014652,3.389071
3.392264,+0.008791,3.392264
3.395024,+0.014652,3.395024
3.398032,+0.014652,3.398032
3.400736,+0.008791,3.400736
3.403741,+0.008791,3.403741
3.406722,+0.008791,3.406722
3.409209,+0.008791,3.409209
3.412140,+0.008791,3.412140
3.415279,+0.008791,3.415279
3.418174,+0.014652,3.418174
3.420726,+0.008791,3.420726
3.423887,+0.008791,3.423887
3.426786,+0.008791,3.426786
3.429380,+0.002930,3.429380
3.432228,+0.008791,3.432228
3.435182,+0.008791,3.435182
3.438183,+0.008791,3.438183
3.440862,+0.008791,3.440862
3.443760,+0.008791,3.443760
3.446700,+0.008791,3.446700
3.455430,+0.008791,3.455430
3.458287,+0.014652,3.458287
3.460815,+0.008791,3.460815
3.463848,+0.008791,3.463848
3.466876,+0.014652,3.466876
3.469344,+0.014652,3.469344
3.472345,+0.008791,3.472345
3.475293,+0.008791,3.475293
3.478294,+0.014652,3.478294
3.480901,+0.008791,3.480901
3.483927,+0.008791,3.483927
3.486970,+0.014652,3.486970
3.489806,+0.008791,3.489806
3.492774,+0.008791,3.492774
3.495845,+0.014652,3.495845
3.498789,+0.008791,3.498789
3.501369,+0.008791,3.501369
3.504315,+0.008791,3.504315
3.507419,+0.014652,3.507419
3.510354,+0.014652,3.510354
3.513314,+0.014652,3.513314
3.516428,+0.014652,3.516428
3.518906,+0.014652,3.518906
3.521879,+0.014652,3.521879
3.524840,+0.014652,3.524840
3.527861,+0.008791,3.527861
3.530352,+0.008791,3.530352
3.533567,+0.008791,3.533567
3.536488,+0.014652,3.536488
3.538869,+0.014652,3.538869
3.541887,+0.014652,3.541887
3.544901,+0.008791,3.544901
3.548266,+0.008791,3.548266
3.556888,+0.008791,3.556888
3.559989,+0.008791,3.559989
3.563005,+0.014652,3.563005
3.566564,+0.014652,3.566564
3.568931,+0.014652,3.568931
3.571924,+0.008791,3.571924
3.575112,+0.014652,3.575112
3.577941,+0.014652,3.577941
3.580894,+0.008791,3.580894
3.584036,+0.008791,3.584036
3.586968,+0.008791,3.586968
3.590077,+0.008791,3.590077
3.592786,+0.008791,3.592786
3.596173,+0.008791,3.596173
3.599463,+0.014652,3.599463
3.602074,+0.008791,3.602074
3.604826,+0.008791,3.604826
3.607823,+0.008791,3.607823
3.610279,+0.008791,3.610279
3.613568,+0.014652,3.613568
3.616355,+0.008791,3.616355
3.618868,+0.008791,3.618868
3.621825,+0.008791,3.621825
3.624831,+0.008791,3.624831
3.628074,+0.008791,3.628074
3.630364,+0.008791,3.630364
3.633360,+0.014652,3.633360
3.636355,+0.014652,3.636355
3.638926,+0.014652,3.638926
3.642097,+0.014652,3.642097
3.644910,+0.008791,3.644910
3.647902,+0.008791,3.647902
3.650362,+0.008791,3.650362
3.658986,+0.008791,3.658986
3.661937,+0.008791,3.661937
3.664941,+0.014652,3.664941
3.668091,+0.014652,3.668091
3.670449,+0.014652,3.670449
3.673549,+0.008791,3.673549
3.676457,+0.014652,3.676457
3.678985,+0.014652,3.678985
3.681974,+0.014652,3.681974
3.684908,+0.014652,3.684908
3.687960,+0.014652,3.687960
3.690451,+0.008791,3.690451
3.693522,+0.008791,3.693522
3.696503,+0.008791,3.696503
3.698998,+0.008791,3.698998
3.701441,+0.014652,3.701441
3.705017,+0.008791,3.705017
3.708528,+0.008791,3.708528
3.711109,+0.014652,3.711109
3.714018,+0.014652,3.714018
3.716970,+0.014652,3.716970
3.720125,+0.014652,3.720125
3.723041,+0.014652,3.723041
3.726015,+0.014652,3.726015
3.728988,+0.008791,3.728988
3.732034,+0.008791,3.732034
3.735203,+0.014652,3.735203
3.738029,+0.014652,3.738029
3.740504,+0.014652,3.740504
3.743515,+0.014652,3.743515
3.746645,+0.014652,3.746645
3.749100,+0.008791,3.749100
3.752079,+0.014652,3.752079
3.761086,+0.014652,3.761086
3.764111,+0.008791,3.764111
3.767153,+0.014652,3.767153
3.770028,+0.008791,3.770028
3.773072,+0.008791,3.773072
3.776085,+0.008791,3.776085
3.779071,+0.008791,3.779071
3.782124,+0.014652,3.782124
3.785041,+0.014652,3.785041
3.788190,+0.008791,3.788190
3.790560,+0.014652,3.790560
3.793525,+0.014652,3.793525
3.796585,+0.008791,3.796585
3.799076,+0.008791,3.799076
3.801718,+0.008791,3.801718
3.804617,+0.008791,3.804617
3.807595,+0.008791,3.807595
3.810618,+0.008791,3.810618
3.813788,+0.014652,3.813788
3.816753,+0.014652,3.816753
3.819150,+0.008791,3.819150
3.822138,+0.008791,3.822138
3.825116,+0.008791,3.825116
3.828443,+0.008791,3.828443
3.831264,+0.008791,3.831264
3.834134,+0.014652,3.834134
3.837119,+0.014652,3.837119
3.840266,+0.014652,3.840266
3.843342,+0.014652,3.843342
3.846157,+0.014652,3.846157
3.849111,+0.014652,3.849111
3.852116,+0.008791,3.852116
3.860828,+0.008791,3.860828
3.863654,+0.008791,3.863654
3.866744,+0.008791,3.866744
3.869240,+0.014652,3.869240
3.872198,+0.008791,3.872198
3.875255,+0.008791,3.875255
3.878211,+0.014652,3.878211
3.880791,+0.008791,3.880791
3.883782,+0.008791,3.883782
3.886749,+0.014652,3.886749
3.889205,+0.008791,3.889205
3.892285,+0.008791,3.892285
3.895240,+0.014652,3.895240
3.898205,+0.014652,3.898205
3.901215,+0.014652,3.901215
3.904174,+0.008791,3.904174
3.907434,+0.014652,3.907434
3.910230,+0.014652,3.910230
3.913215,+0.008791,3.913215
3.916182,+0.008791,3.916182
3.919248,+0.014652,3.919248
3.922667,+0.014652,3.922667
3.925286,+0.008791,3.925286
3.928218,+0.014652,3.928218
3.930756,+0.008791,3.930756
3.933834,+0.008791,3.933834
3.936739,+0.008791,3.936739
3.939328,+0.008791,3.939328
3.942297,+0.008791,3.942297
3.945199,+0.008791,3.945199
3.948340,+0.008791,3.948340
3.951218,+0.008791,3.951218
3.954253,+0.014652,3.954253
3.963164,+0.008791,3.963164
3.965987,+0.014652,3.965987
3.969044,+0.008791,3.969044
3.972025,+0.014652,3.972025
3.975132,+0.008791,3.975132
3.978012,+0.014652,3.978012
3.980494,+0.008791,3.980494
3.983571,+0.014652,3.983571
3.986569,+0.014652,3.986569
3.989166,+0.008791,3.989166
3.992064,+0.008791,3.992064
3.994648,+0.008791,3.994648
3.997629,+0.008791,3.997629
4.000804,+0.008791,4.000804
4.003642,+0.008791,4.003642
4.006609,+0.008791,4.006609
4.009138,+0.008791,4.009138
4.012139,+0.008791,4.012139
4.015269,+0.014652,4.015269
4.018144,+0.014652,4.018144
4.020682,+0.014652,4.020682
4.023642,+0.014652,4.023642
4.026857,+0.014652,4.026857
4.029253,+0.014652,4.029253
4.032227,+0.014652,4.032227
4.035199,+0.014652,4.035199
4.038225,+0.008791,4.038225
4.040771,+0.014652,4.040771
4.043765,+0.008791,4.043765
4.046803,+0.008791,4.046803
4.049229,+0.014652,4.049229
4.052235,+0.014652,4.052235
4.055306,+0.014652,4.055306
4.063705,+0.008791,4.063705
4.066878,+0.008791,4.066878
4.069296,+0.008791,4.069296
4.072268,+0.014652,4.072268
4.075243,+0.014652,4.075243
4.078514,+0.014652,4.078514
4.081358,+0.008791,4.081358
4.084318,+0.008791,4.084318
4.087293,+0.014652,4.087293
4.090305,+0.014652,4.090305
4.093340,+0.014652,4.093340
4.096299,+0.014652,4.096299
4.099243,+0.014652,4.099243
4.101758,+0.020513,4.101758
4.104738,+0.008791,4.104738
4.107972,+0.014652,4.107972
4.110834,+0.008791,4.110834
4.113769,+0.008791,4.113769
4.116762,+0.008791,4.116762
4.119334,+0.008791,4.119334
4.122331,+0.008791,4.122331
4.125073,+0.008791,4.125073
4.127992,+0.008791,4.127992
4.131009,+0.008791,4.131009
4.134050,+0.008791,4.134050
4.137033,+0.014652,4.137033
4.139865,+0.014652,4.139865
4.142761,+0.014652,4.142761
4.145637,+0.014652,4.145637
4.148703,+0.014652,4.148703
4.151647,+0.014652,4.151647
4.154766,+0.008791,4.154766
4.157609,+0.008791,4.157609
4.166189,+0.002930,4.166189
4.169192,+0.008791,4.169192
4.172234,+0.008791,4.172234
4.175298,+0.014652,4.175298
4.178225,+0.014652,4.178225
4.181227,+0.014652,4.181227
4.184241,+0.014652,4.184241
4.187379,+0.014652,4.187379
4.190253,+0.014652,4.190253
4.193242,+0.008791,4.193242
4.196235,+0.014652,4.196235
4.199264,+0.008791,4.199264
4.202341,+0.008791,4.202341
4.205287,+0.014652,4.205287
4.208274,+0.014652,4.208274
4.211265,+0.014652,4.211265
4.214405,+0.008791,4.214405
4.217244,+0.014652,4.217244
4.219978,+0.014652,4.219978
4.222905,+0.014652,4.222905
4.225914,+0.014652,4.225914
4.229021,+0.014652,4.229021
4.232005,+0.008791,4.232005
4.234965,+0.014652,4.234965
4.237984,+0.014652,4.237984
4.241042,+0.008791,4.241042
4.244002,+0.008791,4.244002
4.247431,+0.014652,4.247431
4.250632,+0.014652,4.250632
4.252996,+0.014652,4.252996
4.256052,+0.014652,4.256052
4.259031,+0.008791,4.259031
4.268154,+0.002930,4.268154
4.270923,+0.008791,4.270923
4.273903,+0.008791,4.273903
4.276894,+0.014652,4.276894
4.280100,+0.008791,4.280100
4.282991,+0.008791,4.282991
4.285927,+0.008791,4.285927
4.288901,+0.008791,4.288901
4.291966,+0.008791,4.291966
4.295018,+0.008791,4.295018
4.297873,+0.014652,4.297873
4.300991,+0.014652,4.300991
4.303513,+0.008791,4.303513
4.306602,+0.008791,4.306602
4.309333,+0.008791,4.309333
4.312270,+0.008791,4.312270
4.315279,+0.008791,4.315279
4.318284,+0.014652,4.318284
4.321007,+0.014652,4.321007
4.324027,+0.008791,4.324027
4.326962,+0.014652,4.326962
4.329553,+0.014652,4.329553
4.332559,+0.014652,4.332559
4.335582,+0.014652,4.335582
4.338558,+0.008791,4.338558
4.341035,+0.014652,4.341035
4.344023,+0.008791,4.344023
4.347126,+0.014652,4.347126
4.350064,+0.014652,4.350064
4.353034,+0.014652,4.353034
4.356358,+0.014652,4.356358
4.359137,+0.014652,4.359137
4.368047,+0.014652,4.368047
4.370722,+0.008791,4.370722
4.373750,+0.008791,4.373750
4.376609,+0.008791,4.376609
4.379153,+0.008791,4.379153
4.382104,+0.008791,4.382104
4.385074,+0.014652,4.385074
4.388328,+0.014652,4.388328
4.391119,+0.008791,4.391119
4.394047,+0.008791,4.394047
4.397042,+0.008791,4.397042
4.399547,+0.008791,4.399547
4.402765,+0.008791,4.402765
4.405624,+0.008791,4.405624
4.408615,+0.008791,4.408615
4.411638,+0.008791,4.411638
4.414735,+0.014652,4.414735
4.417778,+0.014652,4.417778
4.420275,+0.014652,4.420275
4.423275,+0.008791,4.423275
4.426284,+0.008791,4.426284
4.429360,+0.014652,4.429360
4.432341,+0.008791,4.432341
4.435270,+0.008791,4.435270
4.438292,+0.008791,4.438292
4.440956,+0.008791,4.440956
4.443833,+0.008791,4.443833
4.446831,+0.008791,4.446831
4.449410,+0.008791,4.449410
4.452429,+0.014652,4.452429
4.455029,+0.008791,4.455029
4.457966,+0.014652,4.457966
4.460426,+0.008791,4.460426
4.469344,+0.008791,4.469344
4.472020,+0.008791,4.472020
4.474966,+0.008791,4.474966
4.477940,+0.008791,4.477940
4.480676,+0.008791,4.480676
4.483502,+0.008791,4.483502
4.486485,+0.008791,4.486485
4.489107,+0.014652,4.489107
4.491992,+0.008791,4.491992
4.495069,+0.008791,4.495069
4.498070,+0.008791,4.498070
4.500487,+0.008791,4.500487
4.503064,+0.008791,4.503064
4.506131,+0.014652,4.506131
4.509231,+0.014652,4.509231
4.512083,+0.014652,4.512083
4.515093,+0.014652,4.515093
4.518024,+0.014652,4.518024
4.520835,+0.014652,4.520835
4.523607,+0.014652,4.523607
4.526818,+0.014652,4.526818
4.530087,+0.014652,4.530087
4.533037,+0.014652,4.533037
4.536114,+0.014652,4.536114
4.539054,+0.014652,4.539054
4.542163,+0.008791,4.542163
4.545047,+0.014652,4.545047
4.548216,+0.014652,4.548216
4.550546,+0.014652,4.550546
4.553651,+0.008791,4.553651
4.556612,+0.014652,4.556612
4.559097,+0.014652,4.559097
4.562125,+0.008791,4.562125
4.570576,+0.014652,4.570576
4.573770,+0.008791,4.573770
4.576675,+0.014652,4.576675
4.579239,+0.014652,4.579239
4.582123,+0.014652,4.582123
4.585170,+0.008791,4.585170
4.588454,+0.008791,4.588454
4.591114,+0.014652,4.591114
4.594113,+0.014652,4.594113
4.597086,+0.008791,4.597086
4.600161,+0.008791,4.600161
4.602667,+0.014652,4.602667
4.605615,+0.014652,4.605615
4.608604,+0.008791,4.608604
4.611127,+0.008791,4.611127
4.614293,+0.008791,4.614293
4.617233,+0.008791,4.617233
4.620222,+0.014652,4.620222
4.623149,+0.008791,4.623149
4.626143,+0.008791,4.626143
4.629461,+0.014652,4.629461
4.632168,+0.014652,4.632168
4.635264,+0.014652,4.635264
4.638183,+0.008791,4.638183
4.641262,+0.014652,4.641262
4.644182,+0.014652,4.644182
4.647152,+0.008791,4.647152
4.650289,+0.014652,4.650289
4.652662,+0.008791,4.652662
4.655709,+0.008791,4.655709
4.658698,+0.008791,4.658698
4.661155,+0.008791,4.661155
4.664171,+0.008791,4.664171
4.673166,+0.008791,4.673166
4.676247,+0.008791,4.676247
4.679201,+0.008791,4.679201
4.682331,+0.008791,4.682331
4.685180,+0.014652,4.685180
4.688178,+0.008791,4.688178
4.690703,+0.014652,4.690703
4.693220,+0.014652,4.693220
4.696277,+0.014652,4.696277
4.699254,+0.014652,4.699254
4.702215,+0.014652,4.702215
4.705201,+0.014652,4.705201
4.708424,+0.008791,4.708424
4.710763,+0.014652,4.710763
4.713781,+0.014652,4.713781
4.716786,+0.014652,4.716786
4.719237,+0.014652,4.719237
4.722331,+0.014652,4.722331
4.725244,+0.014652,4.725244
4.728506,+0.008791,4.728506
4.730789,+0.014652,4.730789
4.733829,+0.008791,4.733829
4.736768,+0.008791,4.736768
4.739271,+0.014652,4.739271
4.742306,+0.014652,4.742306
4.745333,+0.014652,4.745333
4.748508,+0.008791,4.748508
4.750782,+0.008791,4.750782
4.753830,+0.008791,4.753830
4.756800,+0.008791,4.756800
4.759298,+0.008791,4.759298
4.762388,+0.008791,4.762388
4.765317,+0.014652,4.765317
4.773854,+0.008791,4.773854
4.776833,+0.008791,4.776833
4.779351,+0.014652,4.779351
4.782327,+0.014652,4.782327
4.785319,+0.014652,4.785319
4.788467,+0.014652,4.788467
4.791159,+0.014652,4.791159
4.794579,+0.008791,4.794579
4.796958,+0.008791,4.796958
4.799994,+0.008791,4.799994
4.802897,+0.008791,4.802897
4.805974,+0.014652,4.805974
4.808894,+0.008791,4.808894
4.811875,+0.008791,4.811875
4.814937,+0.008791,4.814937
4.817862,+0.008791,4.817862
4.820353,+0.014652,4.820353
4.823355,+0.014652,4.823355
4.826374,+0.014652,4.826374
4.829108,+0.008791,4.829108
4.831921,+0.014652,4.831921
4.834877,+0.014652,4.834877
4.837900,+0.008791,4.837900
4.840452,+0.014652,4.840452
4.843422,+0.008791,4.843422
4.846419,+0.008791,4.846419
4.848956,+0.008791,4.848956
4.851927,+0.014652,4.851927
4.854962,+0.008791,4.854962
4.857957,+0.008791,4.857957
4.860478,+0.014652,4.860478
4.863441,+0.014652,4.863441
4.866428,+0.008791,4.866428
4.874913,+0.008791,4.874913
4.877979,+0.008791,4.877979
4.880605,+0.008791,4.880605
4.883528,+0.008791,4.883528
4.886494,+0.008791,4.886494
4.889024,+0.008791,4.889024
4.892031,+0.008791,4.892031
4.895094,+0.008791,4.895094
4.898025,+0.014652,4.898025
4.900712,+0.014652,4.900712
4.903961,+0.014652,4.903961
4.906628,+0.014652,4.906628
4.909188,+0.014652,4.909188
4.912083,+0.014652,4.912083
4.915102,+0.008791,4.915102
4.918091,+0.008791,4.918091
4.920640,+0.014652,4.920640
4.923782,+0.008791,4.923782
4.926575,+0.008791,4.926575
4.929118,+0.008791,4.929118
4.932126,+0.008791,4.932126
4.935343,+0.014652,4.935343
4.938129,+0.008791,4.938129
4.940629,+0.014652,4.940629
4.943637,+0.014652,4.943637
4.946882,+0.014652,4.946882
4.949287,+0.014652,4.949287
4.952201,+0.014652,4.952201
4.955172,+0.008791,4.955172
4.958152,+0.008791,4.958152
4.960684,+0.008791,4.960684
4.963668,+0.008791,4.963668
4.966636,+0.008791,4.966636
4.975131,+0.008791,4.975131
4.978159,+0.008791,4.978159
4.980666,+0.008791,4.980666
4.983706,+0.014652,4.983706
4.986833,+0.008791,4.986833
4.989234,+0.008791,4.989234
4.992414,+0.014652,4.992414
4.994892,+0.008791,4.994892
4.997865,+0.008791,4.997865
5.000470,+0.014652,5.000470
5.003411,+0.008791,5.003411
5.006332,+0.008791,5.006332
5.008946,+0.014652,5.008946
5.011965,+0.225641,5.011965
5.015036,+0.506960,5.015036
5.017991,+0.559707,5.017991
5.020451,+0.471795,5.020451
5.023483,+0.372161,5.023483
5.026460,+0.301832,5.026460
5.029056,+0.254945,5.029056
5.031970,+0.237363,5.031970
5.034965,+0.231502,5.034965
5.038068,+0.225641,5.038068
5.041135,+0.225641,5.041135
5.043979,+0.213919,5.043979
5.047038,+0.202198,5.047038
5.049980,+0.219780,5.049980
5.053089,+0.213919,5.053089
5.056043,+0.208059,5.056043
5.059064,+0.213919,5.059064
5.061994,+0.213919,5.061994
5.064992,+0.213919,5.064992
5.068360,+0.219780,5.068360
5.076980,+0.208059,5.076980
5.080112,+0.213919,5.080112
5.083199,+0.219780,5.083199
5.086021,+0.208059,5.086021
5.089015,+0.202198,5.089015
5.092005,+0.202198,5.092005
5.095092,+0.208059,5.095092
5.098199,+0.213919,5.098199
5.100480,+0.208059,5.100480
5.103466,+0.208059,5.103466
5.106471,+0.202198,5.106471
5.109050,+0.190476,5.109050
5.112091,+0.208059,5.112091
5.115386,+0.208059,5.115386
5.118009,+0.196337,5.118009
5.120588,+0.202198,5.120588
5.123576,+0.202198,5.123576
5.126021,+0.202198,5.126021
5.129071,+0.202198,5.129071
5.132058,+0.208059,5.132058
5.135294,+0.208059,5.135294
5.138060,+0.208059,5.138060
5.140574,+0.196337,5.140574
5.143635,+0.202198,5.143635
5.146831,+0.202198,5.146831
5.149229,+0.202198,5.149229
5.152149,+0.202198,5.152149
5.155110,+0.202198,5.155110
5.158132,+0.202198,5.158132
5.160842,+0.208059,5.160842
5.163737,+0.202198,5.163737
5.166611,+0.196337,5.166611
5.169292,+0.190476,5.169292
5.178230,+0.196337,5.178230
5.181230,+0.196337,5.181230
5.184182,+0.196337,5.184182
5.187331,+0.196337,5.187331
5.190190,+0.208059,5.190190
5.193211,+0.208059,5.193211
5.196179,+0.190476,5.196179
5.199181,+0.196337,5.199181
5.202204,+0.190476,5.202204
5.204737,+0.202198,5.204737
5.207803,+0.208059,5.207803
5.210701,+0.196337,5.210701
5.213766,+0.196337,5.213766
5.216713,+0.196337,5.216713
5.219192,+0.202198,5.219192
5.222239,+0.202198,5.222239
5.226484,+0.208059,5.226484
5.229312,+0.196337,5.229312
5.232224,+0.208059,5.232224
5.235200,+0.196337,5.235200
5.238368,+0.202198,5.238368
5.240817,+0.208059,5.240817
5.243805,+0.202198,5.243805
5.246715,+0.208059,5.246715
5.249303,+0.208059,5.249303
5.252223,+0.208059,5.252223
5.255570,+0.219780,5.255570
5.258245,+0.213919,5.258245
5.260785,+0.208059,5.260785
5.263782,+0.202198,5.263782
5.266808,+0.202198,5.266808
5.269439,+0.219780,5.269439
5.278260,+0.213919,5.278260
5.280883,+0.208059,5.280883
5.283807,+0.219780,5.283807
5.286786,+0.231502,5.286786
5.289314,+0.213919,5.289314
5.292358,+0.219780,5.292358
5.295358,+0.213919,5.295358
5.298323,+0.202198,5.298323
5.300863,+0.213919,5.300863
5.303844,+0.213919,5.303844
5.306910,+0.208059,5.306910
5.309387,+0.208059,5.309387
5.312421,+0.202198,5.312421
5.315331,+0.213919,5.315331
5.318354,+0.219780,5.318354
5.320920,+0.208059,5.320920
5.323912,+0.208059,5.323912
5.326871,+0.196337,5.326871
5.329402,+0.202198,5.329402
5.332430,+0.208059,5.332430
5.337825,+0.208059,5.337825
5.340445,+0.208059,5.340445
5.343469,+0.208059,5.343469
5.346676,+0.213919,5.346676
5.350003,+0.208059,5.350003
5.352935,+0.196337,5.352935
5.355917,+0.196337,5.355917
5.358983,+0.196337,5.358983
5.362151,+0.202198,5.362151
5.364987,+0.208059,5.364987
5.367928,+0.202198,5.367928
5.370477,+0.196337,5.370477
5.379010,+0.196337,5.379010
5.381970,+0.208059,5.381970
5.384922,+0.196337,5.384922
5.388154,+0.202198,5.388154
5.390465,+0.196337,5.390465
5.393635,+0.208059,5.393635
5.396592,+0.213919,5.396592
5.398991,+0.196337,5.398991
5.402106,+0.202198,5.402106
5.405068,+0.196337,5.405068
5.408031,+0.190476,5.408031
5.410535,+0.202198,5.410535
5.413570,+0.202198,5.413570
5.416581,+0.208059,5.416581
5.419046,+0.208059,5.419046
5.422039,+0.196337,5.422039
5.425220,+0.208059,5.425220
5.428249,+0.213919,5.428249
5.430573,+0.196337,5.430573
5.433612,+0.202198,5.433612
5.436587,+0.202198,5.436587
5.439091,+0.202198,5.439091
5.442164,+0.208059,5.442164
5.445191,+0.208059,5.445191
5.448125,+0.196337,5.448125
5.450587,+0.202198,5.450587
5.453702,+0.196337,5.453702
5.456755,+0.202198,5.456755
5.459099,+0.202198,5.459099
5.462121,+0.208059,5.462121
5.465057,+0.196337,5.465057
5.468287,+0.196337,5.468287
5.470598,+0.208059,5.470598
5.479090,+0.213919,5.479090
5.482145,+0.208059,5.482145
5.485207,+0.208059,5.485207
5.488312,+0.219780,5.488312
5.490664,+0.213919,5.490664
5.493704,+0.202198,5.493704
5.496676,+0.213919,5.496676
5.499185,+0.208059,5.499185
5.502161,+0.202198,5.502161
5.505162,+0.213919,5.505162
5.508320,+0.219780,5.508320
5.510649,+0.213919,5.510649
5.513690,+0.213919,5.513690
5.516655,+0.213919,5.516655
5.519251,+0.213919,5.519251
5.522264,+0.225641,5.522264
5.525255,+0.213919,5.525255
5.528198,+0.202198,5.528198
5.530755,+0.202198,5.530755
5.533920,+0.202198,5.533920
5.536829,+0.213919,5.536829
5.539252,+0.208059,5.539252
5.542248,+0.202198,5.542248
5.545231,+0.202198,5.545231
5.548453,+0.196337,5.548453
5.551073,+0.202198,5.551073
5.553803,+0.202198,5.553803
5.556802,+0.196337,5.556802
5.559273,+0.202198,5.559273
5.562307,+0.196337,5.562307
5.565373,+0.196337,5.565373
5.568354,+0.208059,5.568354
5.570807,+0.202198,5.570807
5.579302,+0.202198,5.579302
5.582376,+0.202198,5.582376
5.585332,+0.202198,5.585332
5.588462,+0.190476,5.588462
5.590823,+0.196337,5.590823
5.593801,+0.196337,5.593801
5.596925,+0.196337,5.596925
5.599333,+0.208059,5.599333
5.602402,+0.202198,5.602402
5.605348,+0.196337,5.605348
5.608362,+0.208059,5.608362
5.610860,+0.196337,5.610860
5.614103,+0.202198,5.614103
5.616917,+0.208059,5.616917
5.619398,+0.202198,5.619398
5.622358,+0.196337,5.622358
5.625367,+0.196337,5.625367
5.628639,+0.196337,5.628639
5.631396,+0.208059,5.631396
5.634366,+0.208059,5.634366
5.637379,+0.202198,5.637379
5.640438,+0.202198,5.640438
5.643411,+0.196337,5.643411
5.646433,+0.213919,5.646433
5.649419,+0.213919,5.649419
5.652376,+0.208059,5.652376
5.655457,+0.213919,5.655457
5.658382,+0.208059,5.658382
5.661048,+0.208059,5.661048
5.663929,+0.213919,5.663929
5.667058,+0.213919,5.667058
5.669455,+0.213919,5.669455
5.672491,+0.213919,5.672491
5.681013,+0.225641,5.681013
5.683976,+0.225641,5.683976
5.686927,+0.225641,5.686927
5.689954,+0.219780,5.689954
5.692950,+0.231502,5.692950
5.696022,+0.231502,5.696022
5.698946,+0.231502,5.698946
5.701958,+0.237363,5.701958
5.704933,+0.231502,5.704933
5.708185,+0.243223,5.708185
5.710470,+0.243223,5.710470
5.713491,+0.225641,5.713491
5.716504,+0.231502,5.716504
5.719050,+0.231502,5.719050
5.722019,+0.225641,5.722019
5.725016,+0.237363,5.725016
5.727979,+0.237363,5.727979
5.730505,+0.231502,5.730505
5.733506,+0.231502,5.733506
5.736769,+0.231502,5.736769
5.740315,+0.231502,5.740315
5.742971,+0.231502,5.742971
5.746024,+0.231502,5.746024
5.749106,+0.231502,5.749106
5.752046,+0.225641,5.752046
5.754963,+0.231502,5.754963
5.758061,+0.237363,5.758061
5.760595,+0.231502,5.760595
5.763569,+0.225641,5.763569
5.766553,+0.219780,5.766553
5.769194,+0.219780,5.769194
5.772435,+0.231502,5.772435
5.776824,+0.231502,5.776824
5.786028,+0.225641,5.786028
5.789155,+0.231502,5.789155
5.792108,+0.231502,5.792108
5.795048,+0.225641,5.795048
5.798029,+0.219780,5.798029
5.800791,+0.213919,5.800791
5.803678,+0.225641,5.803678
5.806105,+0.225641,5.806105
5.809131,+0.213919,5.809131
5.812089,+0.219780,5.812089
5.815199,+0.213919,5.815199
5.818105,+0.213919,5.818105
5.820612,+0.225641,5.820612
5.823592,+0.213919,5.823592
5.826647,+0.208059,5.826647
5.829208,+0.202198,5.829208
5.832170,+0.208059,5.832170
5.835234,+0.208059,5.835234
5.838120,+0.208059,5.838120
5.840710,+0.208059,5.840710
5.843630,+0.213919,5.843630
5.846622,+0.208059,5.846622
5.849134,+0.219780,5.849134
5.852187,+0.219780,5.852187
5.855220,+0.219780,5.855220
5.858139,+0.219780,5.858139
5.860645,+0.213919,5.860645
5.863698,+0.208059,5.863698
5.866893,+0.219780,5.866893
5.869264,+0.225641,5.869264
5.872198,+0.219780,5.872198
5.875185,+0.225641,5.875185
5.878171,+0.219780,5.878171
5.887722,+0.219780,5.887722
5.890781,+0.231502,5.890781
5.893822,+0.225641,5.893822
5.897127,+0.225641,5.897127
5.900278,+0.237363,5.900278
5.903184,+0.237363,5.903184
5.906208,+0.225641,5.906208
5.909318,+0.225641,5.909318
5.912339,+0.231502,5.912339
5.915225,+0.243223,5.915225
5.918202,+0.237363,5.918202
5.921311,+0.243223,5.921311
5.924317,+0.249084,5.924317
5.927293,+0.243223,5.927293
5.930541,+0.249084,5.930541
5.933630,+0.249084,5.933630
5.936587,+0.249084,5.936587
5.939136,+0.254945,5.939136
5.942132,+0.243223,5.942132
5.945125,+0.243223,5.945125
5.948218,+0.260806,5.948218
5.951101,+0.254945,5.951101
5.954063,+0.243223,5.954063
5.957084,+0.237363,5.957084
5.959684,+0.237363,5.959684
5.962731,+0.249084,5.962731
5.965671,+0.249084,5.965671
5.968652,+0.249084,5.968652
5.971281,+0.249084,5.971281
5.974556,+0.237363,5.974556
5.977325,+0.243223,5.977325
5.979955,+0.254945,5.979955
5.989139,+0.243223,5.989139
5.992157,+0.231502,5.992157
5.994735,+0.249084,5.994735
5.997497,+0.243223,5.997497
6.000640,+0.243223,6.000640
6.003525,+0.295971,6.003525
6.006755,+0.395604,6.006755
6.009726,+0.583150,6.009726
6.012742,+0.805861,6.012742
6.015827,+1.034432,6.015827
6.018813,+1.245421,6.018813
6.021274,+1.438828,6.021274
6.024283,+1.556044,6.024283
6.027365,+1.696703,6.027365
6.030308,+1.843223,6.030308
6.033235,+1.978022,6.033235
6.036321,+1.661538,6.036321
6.039325,+1.169231,6.039325
6.042356,+0.841026,6.042356
6.045283,+0.612454,6.045283
6.048241,+0.413187,6.048241
6.050731,+0.237363,6.050731
6.054032,+0.084982,6.054032
6.056839,-0.020513,6.056839
6.059328,-0.079121,6.059328
6.062316,-0.102564,6.062316
6.065281,-0.108425,6.065281
6.068435,-0.102564,6.068435
6.070824,-0.108425,6.070824
6.073817,-0.108425,6.073817
6.076830,-0.114286,6.076830
6.079323,-0.131868,6.079323
6.082386,-0.137729,6.082386
6.090782,-0.137729,6.090782
6.093993,-0.102564,6.093993
6.096861,-0.079121,6.096861
6.099785,-0.073260,6.099785
6.103282,-0.073260,6.103282
6.106418,-0.073260,6.106418
6.109496,-0.073260,6.109496
6.112360,-0.061538,6.112360
6.115808,-0.055678,6.115808
6.118355,-0.061538,6.118355
6.120962,-0.061538,6.120962
6.123924,-0.067399,6.123924
6.126871,-0.073260,6.126871
6.129404,-0.067399,6.129404
6.132393,-0.067399,6.132393
6.135691,-0.067399,6.135691
6.138423,-0.067399,6.138423
6.141013,-0.067399,6.141013
6.143948,-0.067399,6.143948
6.147092,-0.067399,6.147092
6.149506,-0.067399,6.149506
6.152392,-0.067399,6.152392
6.155521,-0.067399,6.155521
6.158449,-0.061538,6.158449
6.161047,-0.067399,6.161047
6.164058,-0.067399,6.164058
6.166975,-0.067399,6.166975
6.169528,-0.067399,6.169528
6.172659,-0.067399,6.172659
6.175931,-0.067399,6.175931
6.178619,-0.067399,6.178619
6.180996,-0.067399,6.180996
6.183983,-0.067399,6.183983
6.192977,-0.061538,6.192977
6.196032,-0.067399,6.196032
6.199015,-0.067399,6.199015
6.202108,-0.067399,6.202108
6.205140,-0.067399,6.205140
6.207711,-0.067399,6.207711
6.210294,-0.061538,6.210294
6.213681,-0.061538,6.213681
6.216241,-0.061538,6.216241
6.219260,-0.061538,6.219260
6.222219,-0.067399,6.222219
6.225435,-0.061538,6.225435
6.228513,-0.061538,6.228513
6.231323,-0.061538,6.231323
6.234214,-0.061538,6.234214
6.237306,-0.067399,6.237306
6.240571,-0.061538,6.240571
6.243322,-0.061538,6.243322
6.246206,-0.061538,6.246206
6.249284,-0.061538,6.249284
6.252320,-0.067399,6.252320
6.255556,-0.061538,6.255556
6.258262,-0.061538,6.258262
6.261272,-0.067399,6.261272
6.264215,-0.061538,6.264215
6.267367,-0.061538,6.267367
6.270495,-0.067399,6.270495
6.273288,-0.067399,6.273288
6.276214,-0.067399,6.276214
6.279323,-0.061538,6.279323
6.282317,-0.067399,6.282317
6.285334,-0.067399,6.285334
6.293984,-0.061538,6.293984
6.296978,-0.067399,6.296978
6.300007,-0.061538,6.300007
6.303019,-0.067399,6.303019
6.305947,-0.061538,6.305947
6.309084,-0.061538,6.309084
6.311973,-0.061538,6.311973
6.314958,-0.067399,6.314958
6.317979,-0.061538,6.317979
6.321404,-0.061538,6.321404
6.324021,-0.061538,6.324021
6.327003,-0.067399,6.327003
6.329483,-0.067399,6.329483
6.332576,-0.067399,6.332576
6.335557,-0.067399,6.335557
6.338482,-0.067399,6.338482
6.341509,-0.067399,6.341509
6.344472,-0.067399,6.344472
6.347620,-0.061538,6.347620
6.350254,-0.061538,6.350254
6.353233,-0.061538,6.353233
6.356217,-0.067399,6.356217
6.359260,-0.067399,6.359260
6.362380,-0.067399,6.362380
6.365238,-0.067399,6.365238
6.368208,-0.067399,6.368208
6.370715,-0.067399,6.370715
6.373756,-0.067399,6.373756
6.376735,-0.061538,6.376735
6.379326,-0.061538,6.379326
6.381711,-0.061538,6.381711
6.384745,-0.067399,6.384745
6.387931,-0.067399,6.387931
6.396335,-0.061538,6.396335
6.399323,-0.061538,6.399323
6.402430,-0.061538,6.402430
6.405305,-0.061538,6.405305
6.407811,-0.067399,6.407811
6.410321,-0.067399,6.410321
6.413372,-0.061538,6.413372
6.416351,-0.061538,6.416351
6.419356,-0.061538,6.419356
6.422364,-0.061538,6.422364
6.425358,-0.067399,6.425358
6.428888,-0.061538,6.428888
6.431831,-0.061538,6.431831
6.434325,-0.061538,6.434325
6.437349,-0.061538,6.437349
6.440393,-0.061538,6.440393
6.443451,-0.067399,6.443451
6.446307,-0.061538,6.446307
6.449333,-0.067399,6.449333
6.452353,-0.061538,6.452353
6.455404,-0.061538,6.455404
6.458353,-0.067399,6.458353
6.460841,-0.067399,6.460841
6.463816,-0.061538,6.463816
6.466931,-0.061538,6.466931
6.469376,-0.061538,6.469376
6.472363,-0.067399,6.472363
6.475469,-0.067399,6.475469
6.478358,-0.061538,6.478358
6.480895,-0.067399,6.480895
6.483873,-0.061538,6.483873
6.486874,-0.067399,6.486874
6.489389,-0.061538,6.489389
6.498380,-0.061538,6.498380
6.500902,-0.067399,6.500902
6.503886,-0.067399,6.503886
6.507039,-0.067399,6.507039
6.509468,-0.067399,6.509468
6.512448,-0.067399,6.512448
6.515407,-0.061538,6.515407
6.518409,-0.067399,6.518409
6.521137,-0.067399,6.521137
6.524068,-0.061538,6.524068
6.527007,-0.067399,6.527007
6.529523,-0.067399,6.529523
6.532506,-0.061538,6.532506
6.535597,-0.061538,6.535597
6.538804,-0.061538,6.538804
6.542664,-0.061538,6.542664
6.545262,-0.067399,6.545262
6.548386,-0.067399,6.548386
6.551271,-0.067399,6.551271
6.554349,-0.067399,6.554349
6.557252,-0.067399,6.557252
6.559836,-0.061538,6.559836
6.562842,-0.067399,6.562842
6.565820,-0.067399,6.565820
6.568821,-0.067399,6.568821
6.571391,-0.067399,6.571391
6.574462,-0.067399,6.574462
6.577402,-0.067399,6.577402
6.580067,-0.067399,6.580067
6.583072,-0.067399,6.583072
6.586127,-0.067399,6.586127
6.588933,-0.067399,6.588933
6.591329,-0.067399,6.591329
6.599810,-0.067399,6.599810
6.602926,-0.061538,6.602926
6.605851,-0.061538,6.605851
6.608833,-0.067399,6.608833
6.611419,-0.067399,6.611419
6.614526,-0.061538,6.614526
6.617450,-0.067399,6.617450
6.619844,-0.067399,6.619844
6.622827,-0.067399,6.622827
6.625818,-0.067399,6.625818
6.628932,-0.067399,6.628932
6.631507,-0.067399,6.631507
6.634492,-0.067399,6.634492
6.637479,-0.061538,6.637479
6.640137,-0.061538,6.640137
6.643101,-0.061538,6.643101
6.646070,-0.067399,6.646070
6.649086,-0.061538,6.649086
6.652405,-0.061538,6.652405
6.655419,-0.067399,6.655419
6.658269,-0.061538,6.658269
6.660896,-0.067399,6.660896
6.663912,-0.067399,6.663912
6.666946,-0.067399,6.666946
6.669614,-0.061538,6.669614
6.672543,-0.061538,6.672543
6.675555,-0.061538,6.675555
6.678665,-0.067399,6.678665
6.681048,-0.061538,6.681048
6.683948,-0.061538,6.683948
6.686949,-0.061538,6.686949
6.689454,-0.061538,6.689454
6.692430,-0.067399,6.692430
6.701430,-0.067399,6.701430
6.704420,-0.067399,6.704420
6.707676,-0.067399,6.707676
6.710274,-0.061538,6.710274
6.713242,-0.061538,6.713242
6.716204,-0.061538,6.716204
6.719297,-0.061538,6.719297
6.722307,-0.061538,6.722307
6.725356,-0.067399,6.725356
6.728256,-0.067399,6.728256
6.731262,-0.067399,6.731262
6.734402,-0.067399,6.734402
6.737319,-0.067399,6.737319
6.740302,-0.061538,6.740302
6.743306,-0.061538,6.743306
6.746277,-0.061538,6.746277
6.749493,-0.061538,6.749493
6.752351,-0.061538,6.752351
6.755295,-0.061538,6.755295
6.758359,-0.061538,6.758359
6.761428,-0.067399,6.761428
6.764407,-0.067399,6.764407
6.767357,-0.061538,6.767357
6.770360,-0.061538,6.770360
6.773411,-0.061538,6.773411
6.776437,-0.067399,6.776437
6.779418,-0.067399,6.779418
6.782437,-0.061538,6.782437
6.785392,-0.067399,6.785392
6.788707,-0.067399,6.788707
6.791309,-0.067399,6.791309
6.794286,-0.067399,6.794286
6.802962,-0.061538,6.802962
6.806009,-0.067399,6.806009
6.809363,-0.067399,6.809363
6.812411,-0.067399,6.812411
6.815471,-0.067399,6.815471
6.818370,-0.067399,6.818370
6.821429,-0.067399,6.821429
6.824350,-0.067399,6.824350
6.827454,-0.061538,6.827454
6.829874,-0.067399,6.829874
6.832859,-0.061538,6.832859
6.835762,-0.067399,6.835762
6.838848,-0.067399,6.838848
6.841402,-0.067399,6.841402
6.844316,-0.061538,6.844316
6.847314,-0.067399,6.847314
6.850099,-0.061538,6.850099
6.853040,-0.067399,6.853040
6.856065,-0.061538,6.856065
6.858736,-0.067399,6.858736
6.861311,-0.067399,6.861311
6.864272,-0.067399,6.864272
6.867443,-0.061538,6.867443
6.870551,-0.061538,6.870551
6.873159,-0.061538,6.873159
6.876239,-0.067399,6.876239
6.879168,-0.067399,6.879168
6.882257,-0.067399,6.882257
6.885171,-0.067399,6.885171
6.888152,-0.067399,6.888152
6.891169,-0.061538,6.891169
6.894353,-0.061538,6.894353
6.902710,-0.061538,6.902710
6.905702,-0.067399,6.905702
6.908878,-0.067399,6.908878
6.911765,-0.061538,6.911765
6.914754,-0.067399,6.914754
6.917768,-0.067399,6.917768
6.920337,-0.061538,6.920337
6.923367,-0.067399,6.923367
6.926315,-0.067399,6.926315
6.929348,-0.067399,6.929348
6.932354,-0.067399,6.932354
6.935396,-0.067399,6.935396
6.938316,-0.067399,6.938316
6.941330,-0.061538,6.941330
6.944380,-0.061538,6.944380
6.947422,-0.061538,6.947422
6.950238,-0.067399,6.950238
6.953268,-0.067399,6.953268
6.956262,-0.067399,6.956262
6.959254,-0.061538,6.959254
6.962356,-0.061538,6.962356
6.965282,-0.061538,6.965282
6.968259,-0.061538,6.968259
6.971309,-0.061538,6.971309
6.974407,-0.061538,6.974407
6.977384,-0.061538,6.977384
6.980248,-0.061538,6.980248
6.983319,-0.061538,6.983319
6.986287,-0.061538,6.986287
6.989071,-0.061538,6.989071
6.992062,-0.067399,6.992062
6.994604,-0.067399,6.994604
7.003254,-0.067399,7.003254
7.006369,-0.067399,7.006369
7.008934,-0.067399,7.008934
7.011462,-0.067399,7.011462
7.014563,-0.061538,7.014563
7.017518,-0.067399,7.017518
7.020274,-0.067399,7.020274
7.023358,-0.067399,7.023358
7.026316,-0.061538,7.026316
7.029352,-0.061538,7.029352
7.032221,-0.061538,7.032221
7.035175,-0.061538,7.035175
7.038294,-0.067399,7.038294
7.041253,-0.067399,7.041253
7.044139,-0.067399,7.044139
7.047252,-0.067399,7.047252
7.049891,-0.067399,7.049891
7.052842,-0.067399,7.052842
7.055940,-0.067399,7.055940
7.058956,-0.067399,7.058956
7.061373,-0.067399,7.061373
7.064381,-0.067399,7.064381
7.067492,-0.067399,7.067492
7.070392,-0.067399,7.070392
7.073267,-0.067399,7.073267
7.076262,-0.067399,7.076262
7.079331,-0.061538,7.079331
7.082390,-0.061538,7.082390
7.085403,-0.061538,7.085403
7.090384,-0.061538,7.090384
7.093512,-0.067399,7.093512
7.096426,-0.067399,7.096426
7.105431,-0.067399,7.105431
7.108605,-0.067399,7.108605
7.111528,-0.061538,7.111528
7.114717,-0.061538,7.114717
7.117399,-0.067399,7.117399
7.120553,-0.061538,7.120553
7.123357,-0.061538,7.123357
7.125911,-0.067399,7.125911
7.128887,-0.061538,7.128887
7.131390,-0.067399,7.131390
7.134557,-0.067399,7.134557
7.137415,-0.067399,7.137415
7.140422,-0.061538,7.140422
7.143542,-0.061538,7.143542
7.146532,-0.067399,7.146532
7.149661,-0.067399,7.149661
7.152363,-0.067399,7.152363
7.155355,-0.067399,7.155355
7.158339,-0.067399,7.158339
7.161061,-0.067399,7.161061
7.163868,-0.061538,7.163868
7.166873,-0.067399,7.166873
7.169335,-0.067399,7.169335
7.172411,-0.067399,7.172411
7.175531,-0.061538,7.175531
7.178438,-0.067399,7.178438
7.180934,-0.067399,7.180934
7.183948,-0.067399,7.183948
7.187154,-0.067399,7.187154
7.189658,-0.067399,7.189658
7.193092,-0.067399,7.193092
7.195552,-0.067399,7.195552
7.199323,-0.073260,7.199323
7.208599,-0.067399,7.208599
7.211015,-0.061538,7.211015
7.214191,-0.061538,7.214191
7.217013,-0.061538,7.217013
7.219504,-0.067399,7.219504
7.222491,-0.067399,7.222491
7.225712,-0.067399,7.225712
7.228734,-0.061538,7.228734
7.231572,-0.067399,7.231572
7.234643,-0.067399,7.234643
7.237535,-0.061538,7.237535
7.240754,-0.061538,7.240754
7.243545,-0.067399,7.243545
7.246496,-0.061538,7.246496
7.249465,-0.067399,7.249465
7.252467,-0.067399,7.252467
7.255523,-0.061538,7.255523
7.258459,-0.067399,7.258459
7.260951,-0.061538,7.260951
7.263982,-0.061538,7.263982
7.267099,-0.061538,7.267099
7.269622,-0.061538,7.269622
7.272520,-0.061538,7.272520
7.275608,-0.061538,7.275608
7.278596,-0.067399,7.278596
7.281176,-0.067399,7.281176
7.284262,-0.067399,7.284262
7.287148,-0.067399,7.287148
7.289616,-0.067399,7.289616
7.292656,-0.067399,7.292656
7.295613,-0.067399,7.295613
7.298607,-0.067399,7.298607
7.301081,-0.067399,7.301081
7.309670,-0.061538,7.309670
7.312625,-0.067399,7.312625
7.315940,-0.067399,7.315940
7.321733,-0.067399,7.321733
7.324726,-0.061538,7.324726
7.327658,-0.067399,7.327658
7.330569,-0.061538,7.330569
7.333701,-0.061538,7.333701
7.336598,-0.067399,7.336598
7.339095,-0.067399,7.339095
7.342084,-0.061538,7.342084
7.345166,-0.061538,7.345166
7.348459,-0.061538,7.348459
7.351226,-0.061538,7.351226
7.354225,-0.067399,7.354225
7.357232,-0.067399,7.357232
7.360298,-0.067399,7.360298
7.363372,-0.067399,7.363372
7.366668,-0.067399,7.366668
7.369113,-0.067399,7.369113
7.372137,-0.067399,7.372137
7.375222,-0.067399,7.375222
7.378183,-0.067399,7.378183
7.381287,-0.067399,7.381287
7.384266,-0.067399,7.384266
7.387325,-0.067399,7.387325
7.390414,-0.061538,7.390414
7.393202,-0.061538,7.393202
7.396134,-0.061538,7.396134
7.399103,-0.067399,7.399103
7.402154,-0.067399,7.402154
7.411315,-0.067399,7.411315
7.414464,-0.067399,7.414464
7.417377,-0.067399,7.417377
7.420274,-0.061538,7.420274
7.423328,-0.067399,7.423328
7.426529,-0.067399,7.426529
7.431632,-0.061538,7.431632
7.434158,-0.067399,7.434158
7.437171,-0.061538,7.437171
7.440208,-0.061538,7.440208
7.443275,-0.067399,7.443275
7.446224,-0.067399,7.446224
7.449149,-0.067399,7.449149
7.452167,-0.067399,7.452167
7.455217,-0.067399,7.455217
7.458173,-0.073260,7.458173
7.460626,-0.067399,7.460626
7.463660,-0.067399,7.463660
7.466698,-0.061538,7.466698
7.469240,-0.067399,7.469240
7.472192,-0.061538,7.472192
7.475190,-0.067399,7.475190
7.478227,-0.061538,7.478227
7.480745,-0.061538,7.480745
7.483758,-0.067399,7.483758
7.486784,-0.067399,7.486784
7.489372,-0.067399,7.489372
7.492410,-0.067399,7.492410
7.495552,-0.067399,7.495552
7.498305,-0.067399,7.498305
7.500788,-0.067399,7.500788
7.503752,-0.067399,7.503752
7.511747,-0.067399,7.511747
7.514840,-0.067399,7.514840
7.517799,-0.061538,7.517799
7.520928,-0.067399,7.520928
7.523771,-0.061538,7.523771
7.526812,-0.061538,7.526812
7.529291,-0.067399,7.529291
7.532286,-0.067399,7.532286
7.535649,-0.067399,7.535649
7.539606,-0.067399,7.539606
7.542253,-0.061538,7.542253
7.545240,-0.061538,7.545240
7.548447,-0.061538,7.548447
7.550968,-0.067399,7.550968
7.553825,-0.067399,7.553825
7.556827,-0.067399,7.556827
7.559375,-0.067399,7.559375
7.562477,-0.067399,7.562477
7.565460,-0.067399,7.565460
7.568486,-0.061538,7.568486
7.570912,-0.067399,7.570912
7.574025,-0.067399,7.574025
7.577102,-0.061538,7.577102
7.580542,-0.061538,7.580542
7.583521,-0.061538,7.583521
7.586444,-0.061538,7.586444
7.589575,-0.061538,7.589575
7.592401,-0.061538,7.592401
7.595343,-0.067399,7.595343
7.598449,-0.067399,7.598449
7.601110,-0.067399,7.601110
7.603986,-0.067399,7.603986
7.612000,-0.067399,7.612000
7.615259,-0.067399,7.615259
7.618021,-0.067399,7.618021
7.621013,-0.067399,7.621013
7.623918,-0.061538,7.623918
7.627041,-0.067399,7.627041
7.629691,-0.061538,7.629691
7.632477,-0.067399,7.632477
7.635452,-0.067399,7.635452
7.638554,-0.061538,7.638554
7.641139,-0.061538,7.641139
7.644019,-0.061538,7.644019
7.647194,-0.067399,7.647194
7.650038,-0.067399,7.650038
7.652550,-0.067399,7.652550
7.655635,-0.061538,7.655635
7.658503,-0.061538,7.658503
7.661044,-0.061538,7.661044
7.663993,-0.061538,7.663993
7.667106,-0.061538,7.667106
7.669552,-0.067399,7.669552
7.672617,-0.067399,7.672617
7.675522,-0.061538,7.675522
7.678528,-0.061538,7.678528
7.681092,-0.061538,7.681092
7.684074,-0.061538,7.684074
7.687062,-0.061538,7.687062
7.689550,-0.067399,7.689550
7.692631,-0.073260,7.692631
7.695623,-0.067399,7.695623
7.698543,-0.067399,7.698543
7.701066,-0.067399,7.701066
7.704105,-0.067399,7.704105
7.712660,-0.061538,7.712660
7.715709,-0.067399,7.715709
7.718655,-0.061538,7.718655
7.721253,-0.061538,7.721253
7.724270,-0.067399,7.724270
7.727192,-0.067399,7.727192
7.730196,-0.067399,7.730196
7.733232,-0.067399,7.733232
7.736546,-0.067399,7.736546
7.739228,-0.067399,7.739228
7.742196,-0.067399,7.742196
7.745201,-0.067399,7.745201
7.748329,-0.067399,7.748329
7.750716,-0.067399,7.750716
7.753696,-0.061538,7.753696
7.757067,-0.061538,7.757067
7.761468,-0.061538,7.761468
7.764230,-0.067399,7.764230
7.767276,-0.067399,7.767276
7.770237,-0.067399,7.770237
7.773267,-0.067399,7.773267
7.776253,-0.061538,7.776253
7.779244,-0.067399,7.779244
7.782198,-0.067399,7.782198
7.785195,-0.067399,7.785195
7.788333,-0.067399,7.788333
7.790733,-0.067399,7.790733
7.793714,-0.067399,7.793714
7.796720,-0.067399,7.796720
7.799296,-0.067399,7.799296
7.802532,-0.067399,7.802532
7.805255,-0.067399,7.805255
7.813900,-0.067399,7.813900
7.816930,-0.061538,7.816930
7.819315,-0.067399,7.819315
7.822319,-0.067399,7.822319
7.825287,-0.061538,7.825287
7.828457,-0.061538,7.828457
7.830830,-0.061538,7.830830
7.834109,-0.067399,7.834109
7.836907,-0.067399,7.836907
7.839354,-0.067399,7.839354
7.842400,-0.061538,7.842400
7.845303,-0.061538,7.845303
7.848444,-0.061538,7.848444
7.850900,-0.067399,7.850900
7.854024,-0.067399,7.854024
7.856899,-0.067399,7.856899
7.859453,-0.067399,7.859453
7.862387,-0.067399,7.862387
7.866099,-0.067399,7.866099
7.871184,-0.067399,7.871184
7.874404,-0.067399,7.874404
7.877467,-0.067399,7.877467
7.880820,-0.067399,7.880820
7.883448,-0.067399,7.883448
7.886399,-0.067399,7.886399
7.889387,-0.067399,7.889387
7.892366,-0.067399,7.892366
7.895487,-0.067399,7.895487
7.898447,-0.067399,7.898447
7.900930,-0.067399,7.900930
7.903891,-0.067399,7.903891
7.907013,-0.061538,7.907013
7.914875,-0.061538,7.914875
7.917970,-0.061538,7.917970
7.920978,-0.061538,7.920978
7.924003,-0.061538,7.924003
7.927027,-0.061538,7.927027
7.929500,-0.061538,7.929500
7.932437,-0.061538,7.932437
7.935520,-0.061538,7.935520
7.938438,-0.067399,7.938438
7.940944,-0.061538,7.940944
7.943939,-0.067399,7.943939
7.947081,-0.067399,7.947081
7.949561,-0.067399,7.949561
7.952527,-0.067399,7.952527
7.955476,-0.067399,7.955476
7.958505,-0.067399,7.958505
7.961911,-0.067399,7.961911
7.964751,-0.067399,7.964751
7.967718,-0.061538,7.967718
7.970291,-0.061538,7.970291
7.973788,-0.061538,7.973788
7.978376,-0.061538,7.978376
7.980806,-0.061538,7.980806
7.983743,-0.061538,7.983743
7.986960,-0.061538,7.986960
7.989618,-0.061538,7.989618
7.992346,-0.067399,7.992346
7.995280,-0.061538,7.995280
7.998326,-0.061538,7.998326
8.000954,-0.067399,8.000954
8.003920,-0.061538,8.003920
8.006907,-0.061538,8.006907
8.009846,-0.067399,8.009846
8.018457,-0.061538,8.018457
8.020947,-0.061538,8.020947
8.023923,-0.061538,8.023923
8.027055,-0.061538,8.027055
8.029478,-0.067399,8.029478
8.032417,-0.067399,8.032417
8.035396,-0.061538,8.035396
8.038457,-0.067399,8.038457
8.040978,-0.061538,8.040978
8.043990,-0.067399,8.043990
8.046885,-0.067399,8.046885
8.049424,-0.067399,8.049424
8.052433,-0.067399,8.052433
8.055522,-0.067399,8.055522
8.058433,-0.067399,8.058433
8.060953,-0.067399,8.060953
8.063922,-0.067399,8.063922
8.067104,-0.067399,8.067104
8.069495,-0.067399,8.069495
8.072480,-0.067399,8.072480
8.075494,-0.067399,8.075494
8.078475,-0.067399,8.078475
8.081069,-0.067399,8.081069
8.084201,-0.067399,8.084201
8.088638,-0.067399,8.088638
8.091080,-0.067399,8.091080
8.094137,-0.067399,8.094137
8.097047,-0.067399,8.097047
8.099544,-0.067399,8.099544
8.102534,-0.067399,8.102534
8.105508,-0.061538,8.105508
8.108692,-0.061538,8.108692
8.111052,-0.067399,8.111052
8.119542,-0.061538,8.119542
8.122602,-0.067399,8.122602
8.125569,-0.067399,8.125569
8.128585,-0.067399,8.128585
8.131083,-0.067399,8.131083
8.134120,-0.067399,8.134120
8.137106,-0.061538,8.137106
8.139579,-0.061538,8.139579
8.142641,-0.067399,8.142641
8.145693,-0.061538,8.145693
8.148719,-0.061538,8.148719
8.151118,-0.061538,8.151118
8.154105,-0.061538,8.154105
8.157084,-0.061538,8.157084
8.159648,-0.061538,8.159648
8.162695,-0.061538,8.162695
8.165626,-0.061538,8.165626
8.168603,-0.067399,8.168603
8.171124,-0.067399,8.171124
8.174268,-0.067399,8.174268
8.177302,-0.067399,8.177302
8.179799,-0.061538,8.179799
8.182772,-0.061538,8.182772
8.185773,-0.067399,8.185773
8.188875,-0.061538,8.188875
8.191780,-0.061538,8.191780
8.196510,-0.067399,8.196510
8.199317,-0.067399,8.199317
8.202315,-0.067399,8.202315
8.205452,-0.067399,8.205452
8.208288,-0.067399,8.208288
8.210763,-0.067399,8.210763
8.213298,-0.061538,8.213298
8.222333,-0.061538,8.222333
8.225328,-0.061538,8.225328
8.228520,-0.061538,8.228520
8.231421,-0.067399,8.231421
8.234425,-0.067399,8.234425
8.237453,-0.067399,8.237453
8.240206,-0.067399,8.240206
8.243123,-0.067399,8.243123
8.246061,-0.067399,8.246061
8.249082,-0.061538,8.249082
8.252166,-0.061538,8.252166
8.255309,-0.061538,8.255309
8.258183,-0.061538,8.258183
8.260560,-0.067399,8.260560
8.263588,-0.067399,8.263588
8.266586,-0.067399,8.266586
8.269846,-0.061538,8.269846
8.272599,-0.061538,8.272599
8.275603,-0.067399,8.275603
8.278544,-0.067399,8.278544
8.281217,-0.061538,8.281217
8.284151,-0.061538,8.284151
8.287182,-0.061538,8.287182
8.289601,-0.061538,8.289601
8.292637,-0.067399,8.292637
8.295694,-0.067399,8.295694
8.298647,-0.067399,8.298647
8.301138,-0.067399,8.301138
8.304193,-0.067399,8.304193
8.307234,-0.067399,8.307234
8.309695,-0.067399,8.309695
8.312709,-0.067399,8.312709
8.315663,-0.061538,8.315663
8.324213,-0.061538,8.324213
8.327246,-0.061538,8.327246
8.330217,-0.061538,8.330217
8.333208,-0.067399,8.333208
8.336231,-0.067399,8.336231
8.339166,-0.067399,8.339166
8.342192,-0.067399,8.342192
8.345141,-0.067399,8.345141
8.348398,-0.061538,8.348398
8.350710,-0.067399,8.350710
8.353699,-0.067399,8.353699
8.356706,-0.067399,8.356706
8.359823,-0.067399,8.359823
8.362807,-0.061538,8.362807
8.365310,-0.061538,8.365310
8.368306,-0.067399,8.368306
8.371185,-0.061538,8.371185
8.374238,-0.061538,8.374238
8.377175,-0.067399,8.377175
8.379756,-0.061538,8.379756
8.382809,-0.067399,8.382809
8.385720,-0.061538,8.385720
8.388939,-0.067399,8.388939
8.391856,-0.067399,8.391856
8.394992,-0.067399,8.394992
8.397782,-0.061538,8.397782
8.400755,-0.061538,8.400755
8.403721,-0.061538,8.403721
8.406687,-0.061538,8.406687
8.410744,-0.067399,8.410744
8.416217,-0.067399,8.416217
8.425692,-0.067399,8.425692
8.429069,-0.067399,8.429069
8.431726,-0.067399,8.431726
8.434662,-0.061538,8.434662
8.437648,-0.067399,8.437648
8.440247,-0.067399,8.440247
8.443277,-0.067399,8.443277
8.446174,-0.061538,8.446174
8.449184,-0.061538,8.449184
8.452209,-0.067399,8.452209
8.455439,-0.067399,8.455439
8.458292,-0.067399,8.458292
8.461263,-0.067399,8.461263
8.464210,-0.067399,8.464210
8.467327,-0.067399,8.467327
8.469776,-0.067399,8.469776
8.472842,-0.067399,8.472842
8.475763,-0.061538,8.475763
8.478720,-0.061538,8.478720
8.481951,-0.061538,8.481951
8.484779,-0.061538,8.484779
8.487771,-0.061538,8.487771
8.490449,-0.067399,8.490449
8.493517,-0.067399,8.493517
8.496441,-0.061538,8.496441
8.499401,-0.067399,8.499401
8.502416,-0.067399,8.502416
8.505437,-0.067399,8.505437
8.508612,-0.073260,8.508612
8.511437,-0.073260,8.511437
8.514491,-0.067399,8.514491
8.517433,-0.067399,8.517433
8.527234,-0.067399,8.527234
8.530042,-0.067399,8.530042
8.533101,-0.067399,8.533101
8.536143,-0.067399,8.536143
8.539084,-0.067399,8.539084
8.542022,-0.067399,8.542022
8.545003,-0.067399,8.545003
8.548203,-0.067399,8.548203
8.550564,-0.067399,8.550564
8.553526,-0.067399,8.553526
8.556539,-0.061538,8.556539
8.559546,-0.061538,8.559546
8.562589,-0.067399,8.562589
8.565532,-0.067399,8.565532
8.568570,-0.067399,8.568570
8.571024,-0.067399,8.571024
8.574189,-0.067399,8.574189
8.577064,-0.061538,8.577064
8.579573,-0.061538,8.579573
8.582631,-0.061538,8.582631
8.585584,-0.067399,8.585584
8.588918,-0.067399,8.588918
8.591558,-0.061538,8.591558
8.594546,-0.061538,8.594546
8.597610,-0.061538,8.597610
8.600642,-0.067399,8.600642
8.603611,-0.067399,8.603611
8.606550,-0.061538,8.606550
8.609585,-0.067399,8.609585
8.612593,-0.067399,8.612593
8.615663,-0.061538,8.615663
8.618603,-0.061538,8.618603
8.627237,-0.067399,8.627237
8.629937,-0.061538,8.629937
8.633029,-0.055678,8.633029
8.635707,-0.055678,8.635707
8.638676,-0.055678,8.638676
8.641429,-0.061538,8.641429
8.644309,-0.061538,8.644309
8.647244,-0.061538,8.647244
8.649785,-0.061538,8.649785
8.652771,-0.067399,8.652771
8.655818,-0.067399,8.655818
8.658843,-0.067399,8.658843
8.661255,-0.067399,8.661255
8.664235,-0.061538,8.664235
8.667401,-0.061538,8.667401
8.670290,-0.061538,8.670290
8.673270,-0.061538,8.673270
8.676354,-0.067399,8.676354
8.679274,-0.067399,8.679274
8.682294,-0.061538,8.682294
8.685271,-0.067399,8.685271
8.688330,-0.061538,8.688330
8.690790,-0.061538,8.690790
8.693907,-0.067399,8.693907
8.696811,-0.061538,8.696811
8.699280,-0.067399,8.699280
8.702311,-0.061538,8.702311
8.705389,-0.067399,8.705389
8.708446,-0.067399,8.708446
8.710813,-0.061538,8.710813
8.713790,-0.061538,8.713790
8.716821,-0.061538,8.716821
8.719321,-0.067399,8.719321
8.728332,-0.067399,8.728332
8.730867,-0.067399,8.730867
8.733941,-0.067399,8.733941
8.737154,-0.067399,8.737154
8.742081,-0.067399,8.742081
8.744935,-0.067399,8.744935
8.748107,-0.067399,8.748107
8.750432,-0.061538,8.750432
8.753427,-0.061538,8.753427
8.756392,-0.061538,8.756392
8.759436,-0.067399,8.759436
8.762537,-0.067399,8.762537
8.765568,-0.067399,8.765568
8.768529,-0.067399,8.768529
8.771421,-0.067399,8.771421
8.774577,-0.067399,8.774577
8.777441,-0.061538,8.777441
8.779801,-0.067399,8.779801
8.782863,-0.061538,8.782863
8.785800,-0.061538,8.785800
8.788859,-0.061538,8.788859
8.791978,-0.061538,8.791978
8.794788,-0.067399,8.794788
8.797910,-0.061538,8.797910
8.801219,-0.061538,8.801219
8.804048,-0.067399,8.804048
8.807074,-0.067399,8.807074
8.809581,-0.067399,8.809581
8.812578,-0.061538,8.812578
8.815203,-0.061538,8.815203
8.818116,-0.067399,8.818116
8.820583,-0.061538,8.820583
8.829799,-0.067399,8.829799
8.832658,-0.061538,8.832658
8.835670,-0.061538,8.835670
8.838631,-0.061538,8.838631
8.841773,-0.067399,8.841773
8.845413,-0.067399,8.845413
8.849895,-0.067399,8.849895
8.852667,-0.067399,8.852667
8.855735,-0.067399,8.855735
8.858635,-0.067399,8.858635
8.861670,-0.067399,8.861670
8.864696,-0.067399,8.864696
8.867798,-0.067399,8.867798
8.870229,-0.061538,8.870229
8.873231,-0.067399,8.873231
8.876316,-0.061538,8.876316
8.879246,-0.061538,8.879246
8.882285,-0.061538,8.882285
8.885237,-0.061538,8.885237
8.888225,-0.061538,8.888225
8.891360,-0.067399,8.891360
8.894391,-0.067399,8.894391
8.897265,-0.061538,8.897265
8.899797,-0.067399,8.899797
8.902764,-0.061538,8.902764
8.905775,-0.067399,8.905775
8.908954,-0.067399,8.908954
8.911804,-0.067399,8.911804
8.914807,-0.067399,8.914807
8.917803,-0.067399,8.917803
8.920868,-0.061538,8.920868
8.929711,-0.061538,8.929711
8.932729,-0.061538,8.932729
8.935823,-0.067399,8.935823
8.938766,-0.061538,8.938766
8.941764,-0.061538,8.941764
8.944687,-0.061538,8.944687
8.947880,-0.067399,8.947880
8.951111,-0.067399,8.951111
8.954373,-0.061538,8.954373
8.960252,-0.061538,8.960252
8.963112,-0.067399,8.963112
8.966062,-0.067399,8.966062
8.969172,-0.061538,8.969172
8.972123,-0.061538,8.972123
8.975246,-0.061538,8.975246
8.978112,-0.061538,8.978112
8.981196,-0.061538,8.981196
8.984227,-0.061538,8.984227
8.987358,-0.067399,8.987358
8.989738,-0.067399,8.989738
8.992665,-0.067399,8.992665
8.995946,-0.061538,8.995946
8.998938,-0.061538,8.998938
9.001790,-0.067399,9.001790
9.004728,-0.067399,9.004728
9.007687,-0.061538,9.007687
9.010709,-0.067399,9.010709
9.013772,-0.067399,9.013772
9.016341,-0.067399,9.016341
9.019218,-0.061538,9.019218
9.022215,-0.067399,9.022215
9.030741,-0.067399,9.030741
9.033740,-0.067399,9.033740
9.036738,-0.061538,9.036738
9.039268,-0.061538,9.039268
9.042274,-0.067399,9.042274
9.045378,-0.067399,9.045378
9.048349,-0.061538,9.048349
9.050793,-0.061538,9.050793
9.053799,-0.061538,9.053799
9.056880,-0.061538,9.056880
9.059288,-0.061538,9.059288
9.062317,-0.061538,9.062317
9.065287,-0.061538,9.065287
9.068491,-0.061538,9.068491
9.070821,-0.067399,9.070821
9.073785,-0.067399,9.073785
9.077134,-0.067399,9.077134
9.082585,-0.067399,9.082585
9.085378,-0.067399,9.085378
9.088343,-0.061538,9.088343
9.090837,-0.061538,9.090837
9.094016,-0.061538,9.094016
9.096824,-0.061538,9.096824
9.099352,-0.061538,9.099352
9.102310,-0.061538,9.102310
9.105296,-0.061538,9.105296
9.108415,-0.061538,9.108415
9.110871,-0.061538,9.110871
9.113864,-0.067399,9.113864
9.116347,-0.067399,9.116347
9.119394,-0.067399,9.119394
9.122598,-0.061538,9.122598
9.130837,-0.061538,9.130837
9.133982,-0.067399,9.133982
9.136947,-0.067399,9.136947
9.139438,-0.067399,9.139438
9.142383,-0.067399,9.142383
9.145491,-0.067399,9.145491
9.148751,-0.067399,9.148751
9.151463,-0.061538,9.151463
9.154425,-0.067399,9.154425
9.157468,-0.061538,9.157468
9.160535,-0.061538,9.160535
9.163436,-0.061538,9.163436
9.166433,-0.061538,9.166433
9.169534,-0.067399,9.169534
9.172391,-0.067399,9.172391
9.175498,-0.067399,9.175498
9.178406,-0.067399,9.178406
9.180947,-0.067399,9.180947
9.183938,-0.067399,9.183938
9.187131,-0.061538,9.187131
9.191135,-0.061538,9.191135
9.193480,-0.061538,9.193480
9.196519,-0.061538,9.196519
9.199443,-0.067399,9.199443
9.202512,-0.061538,9.202512
9.205429,-0.061538,9.205429
9.208547,-0.067399,9.208547
9.210932,-0.067399,9.210932
9.214066,-0.067399,9.214066
9.216483,-0.067399,9.216483
9.219568,-0.067399,9.219568
9.222446,-0.061538,9.222446
9.225535,-0.061538,9.225535
9.234000,-0.061538,9.234000
9.237041,-0.067399,9.237041
9.239623,-0.067399,9.239623
9.242703,-0.067399,9.242703
9.245492,-0.067399,9.245492
9.248519,-0.067399,9.248519
9.251032,-0.061538,9.251032
9.254140,-0.067399,9.254140
9.257035,-0.067399,9.257035
9.259571,-0.067399,9.259571
9.262543,-0.067399,9.262543
9.265544,-0.061538,9.265544
9.268806,-0.061538,9.268806
9.271653,-0.061538,9.271653
9.274544,-0.061538,9.274544
9.277544,-0.067399,9.277544
9.280621,-0.067399,9.280621
9.283607,-0.061538,9.283607
9.286568,-0.061538,9.286568
9.289577,-0.067399,9.289577
9.292638,-0.067399,9.292638
9.295662,-0.067399,9.295662
9.299045,-0.067399,9.299045
9.301601,-0.067399,9.301601
9.304565,-0.067399,9.304565
9.307767,-0.067399,9.307767
9.310601,-0.061538,9.310601
9.313562,-0.061538,9.313562
9.316081,-0.067399,9.316081
9.319049,-0.067399,9.319049
9.322066,-0.061538,9.322066
9.325105,-0.061538,9.325105
9.328073,-0.061538,9.328073
9.336604,-0.061538,9.336604
9.339667,-0.061538,9.339667
9.342599,-0.061538,9.342599
9.345545,-0.067399,9.345545
9.348778,-0.061538,9.348778
9.351101,-0.061538,9.351101
9.354045,-0.061538,9.354045
9.357108,-0.067399,9.357108
9.359646,-0.061538,9.359646
9.362655,-0.067399,9.362655
9.365691,-0.067399,9.365691
9.368648,-0.061538,9.368648
9.371123,-0.067399,9.371123
9.374188,-0.061538,9.374188
9.377186,-0.067399,9.377186
9.379619,-0.067399,9.379619
9.382654,-0.067399,9.382654
9.385723,-0.067399,9.385723
9.388823,-0.067399,9.388823
9.391160,-0.067399,9.391160
9.394180,-0.067399,9.394180
9.397148,-0.067399,9.397148
9.399745,-0.067399,9.399745
9.402927,-0.067399,9.402927
9.407863,-0.067399,9.407863
9.410875,-0.067399,9.410875
9.413905,-0.061538,9.413905
9.416515,-0.067399,9.416515
9.419270,-0.061538,9.419270
9.422315,-0.067399,9.422315
9.425292,-0.067399,9.425292
9.428552,-0.067399,9.428552
9.437244,-0.067399,9.437244
9.439782,-0.067399,9.439782
9.442829,-0.067399,9.442829
9.445774,-0.067399,9.445774
9.448760,-0.067399,9.448760
9.451264,-0.061538,9.451264
9.454579,-0.067399,9.454579
9.457321,-0.067399,9.457321
9.459853,-0.067399,9.459853
9.462999,-0.067399,9.462999
9.465915,-0.061538,9.465915
9.469245,-0.067399,9.469245
9.471912,-0.067399,9.471912
9.474846,-0.067399,9.474846
9.477844,-0.067399,9.477844
9.481020,-0.067399,9.481020
9.483886,-0.067399,9.483886
9.486853,-0.067399,9.486853
9.489464,-0.067399,9.489464
9.492358,-0.067399,9.492358
9.495504,-0.061538,9.495504
9.498472,-0.061538,9.498472
9.501009,-0.067399,9.501009
9.503974,-0.061538,9.503974
9.507030,-0.061538,9.507030
9.509500,-0.067399,9.509500
9.512620,-0.061538,9.512620
9.516736,-0.061538,9.516736
9.519487,-0.067399,9.519487
9.522472,-0.061538,9.522472
9.525399,-0.067399,9.525399
9.528470,-0.061538,9.528470
9.530966,-0.061538,9.530966
9.539428,-0.061538,9.539428
9.542584,-0.067399,9.542584
9.545437,-0.067399,9.545437
9.548617,-0.067399,9.548617
9.550984,-0.067399,9.550984
9.553945,-0.061538,9.553945
9.556995,-0.061538,9.556995
9.559510,-0.067399,9.559510
9.562540,-0.061538,9.562540
9.565454,-0.061538,9.565454
9.568465,-0.061538,9.568465
9.570962,-0.061538,9.570962
9.574202,-0.061538,9.574202
9.577028,-0.061538,9.577028
9.579563,-0.061538,9.579563
9.582580,-0.067399,9.582580
9.585520,-0.067399,9.585520
9.588963,-0.067399,9.588963
9.591559,-0.067399,9.591559
9.594537,-0.067399,9.594537
9.597536,-0.061538,9.597536
9.600577,-0.067399,9.600577
9.603611,-0.061538,9.603611
9.606536,-0.061538,9.606536
9.609561,-0.061538,9.609561
9.612617,-0.061538,9.612617
9.615625,-0.067399,9.615625
9.618555,-0.061538,9.618555
9.621480,-0.067399,9.621480
9.626744,-0.067399,9.626744
9.629139,-0.067399,9.629139
9.632039,-0.061538,9.632039
9.640598,-0.061538,9.640598
9.643585,-0.067399,9.643585
9.646602,-0.061538,9.646602
9.649577,-0.067399,9.649577
9.652537,-0.067399,9.652537
9.655632,-0.061538,9.655632
9.658603,-0.061538,9.658603
9.661094,-0.067399,9.661094
9.664104,-0.067399,9.664104
9.667203,-0.067399,9.667203
9.669654,-0.067399,9.669654
9.672697,-0.067399,9.672697
9.675621,-0.067399,9.675621
9.678610,-0.067399,9.678610
9.681198,-0.061538,9.681198
9.684191,-0.061538,9.684191
9.687131,-0.067399,9.687131
9.689628,-0.067399,9.689628
9.692609,-0.061538,9.692609
9.695655,-0.067399,9.695655
9.699008,-0.067399,9.699008
9.701654,-0.073260,9.701654
9.704833,-0.067399,9.704833
9.707854,-0.067399,9.707854
9.710680,-0.067399,9.710680
9.713605,-0.067399,9.713605
9.716659,-0.067399,9.716659
9.719614,-0.061538,9.719614
9.722678,-0.061538,9.722678
9.725616,-0.061538,9.725616
9.728694,-0.061538,9.728694
9.731416,-0.061538,9.731416
9.737696,-0.067399,9.737696
9.746202,-0.067399,9.746202
9.749326,-0.061538,9.749326
9.752160,-0.067399,9.752160
9.755145,-0.061538,9.755145
9.758119,-0.061538,9.758119
9.761367,-0.061538,9.761367
9.764181,-0.067399,9.764181
9.767253,-0.067399,9.767253
9.769682,-0.067399,9.769682
9.772704,-0.067399,9.772704
9.775749,-0.067399,9.775749
9.778722,-0.061538,9.778722
9.781696,-0.061538,9.781696
9.784707,-0.061538,9.784707
9.787868,-0.061538,9.787868
9.790375,-0.061538,9.790375
9.793487,-0.067399,9.793487
9.796392,-0.067399,9.796392
9.799395,-0.067399,9.799395
9.802478,-0.067399,9.802478
9.805363,-0.067399,9.805363
9.808380,-0.067399,9.808380
9.811419,-0.061538,9.811419
9.814479,-0.061538,9.814479
9.817417,-0.067399,9.817417
9.819985,-0.067399,9.819985
9.822973,-0.061538,9.822973
9.825980,-0.061538,9.825980
9.829083,-0.061538,9.829083
9.831767,-0.067399,9.831767
9.834760,-0.067399,9.834760
9.837690,-0.067399,9.837690
9.841350,-0.067399,9.841350
9.848687,-0.067399,9.848687
9.851250,-0.067399,9.851250
9.854337,-0.067399,9.854337
9.857361,-0.067399,9.857361
9.859868,-0.067399,9.859868
9.862885,-0.061538,9.862885
9.865924,-0.061538,9.865924
9.869153,-0.061538,9.869153
9.871999,-0.067399,9.871999
9.874833,-0.067399,9.874833
9.877845,-0.067399,9.877845
9.881003,-0.061538,9.881003
9.883892,-0.061538,9.883892
9.886861,-0.061538,9.886861
9.889397,-0.061538,9.889397
9.892372,-0.061538,9.892372
9.895502,-0.067399,9.895502
9.898388,-0.067399,9.898388
9.900868,-0.061538,9.900868
9.903979,-0.067399,9.903979
9.906967,-0.067399,9.906967
9.909515,-0.067399,9.909515
9.912444,-0.061538,9.912444
9.915392,-0.061538,9.915392
9.917963,-0.061538,9.917963
9.920541,-0.061538,9.920541
9.923495,-0.061538,9.923495
9.926438,-0.067399,9.926438
9.929521,-0.067399,9.929521
9.932470,-0.067399,9.932470
9.935722,-0.061538,9.935722
9.938443,-0.061538,9.938443
9.940974,-0.061538,9.940974
9.943982,-0.061538,9.943982
9.952767,-0.067399,9.952767
9.956528,-0.061538,9.956528
9.959565,-0.061538,9.959565
9.962581,-0.067399,9.962581
9.965642,-0.067399,9.965642
9.968486,-0.061538,9.968486
9.971095,-0.061538,9.971095
9.974196,-0.067399,9.974196
9.977146,-0.061538,9.977146
9.980184,-0.067399,9.980184
9.983171,-0.061538,9.983171
9.986195,-0.067399,9.986195
9.989296,-0.067399,9.989296
9.992292,-0.067399,9.992292
9.994759,-0.067399,9.994759
9.997756,-0.061538,9.997756
10.001233,-0.061538,10.001233
10.004210,-0.061538,10.004210
10.007239,-0.067399,10.007239
10.009663,-0.067399,10.009663
10.012813,-0.061538,10.012813
10.015710,-0.061538,10.015710
10.018209,-0.061538,10.018209
10.021263,-0.061538,10.021263
10.024249,-0.061538,10.024249
10.027402,-0.067399,10.027402
10.029847,-0.061538,10.029847
10.032843,-0.067399,10.032843
10.035819,-0.067399,10.035819
10.038806,-0.067399,10.038806
10.041401,-0.067399,10.041401
10.044505,-0.067399,10.044505
10.052874,-0.067399,10.052874
10.056022,-0.061538,10.056022
10.058930,-0.067399,10.058930
10.061602,-0.067399,10.061602
10.065235,-0.061538,10.065235
10.068573,-0.061538,10.068573
10.070993,-0.061538,10.070993
10.073895,-0.061538,10.073895
10.076987,-0.067399,10.076987
10.079459,-0.061538,10.079459
10.082543,-0.061538,10.082543
10.085476,-0.067399,10.085476
10.088481,-0.061538,10.088481
10.091005,-0.061538,10.091005
10.094043,-0.067399,10.094043
10.096983,-0.061538,10.096983
10.099485,-0.061538,10.099485
10.102429,-0.061538,10.102429
10.105486,-0.067399,10.105486
10.108651,-0.061538,10.108651
10.111056,-0.061538,10.111056
10.114009,-0.067399,10.114009
10.117011,-0.067399,10.117011
10.119525,-0.061538,10.119525
10.122942,-0.067399,10.122942
10.125523,-0.067399,10.125523
10.128547,-0.067399,10.128547
10.131571,-0.067399,10.131571
10.134658,-0.067399,10.134658
10.137546,-0.061538,10.137546
10.140571,-0.061538,10.140571
10.143545,-0.067399,10.143545
10.146554,-0.067399,10.146554
10.155520,-0.067399,10.155520
10.158540,-0.067399,10.158540
10.161059,-0.067399,10.161059
10.164073,-0.067399,10.164073
10.167027,-0.067399,10.167027
10.169582,-0.067399,10.169582
10.173224,-0.061538,10.173224
10.177766,-0.067399,10.177766
10.180586,-0.067399,10.180586
10.183588,-0.067399,10.183588
10.186679,-0.073260,10.186679
10.189639,-0.061538,10.189639
10.192532,-0.067399,10.192532
10.195537,-0.061538,10.195537
10.198545,-0.061538,10.198545
10.201135,-0.067399,10.201135
10.204178,-0.061538,10.204178
10.207093,-0.067399,10.207093
10.209576,-0.061538,10.209576
10.212580,-0.067399,10.212580
10.215709,-0.067399,10.215709
10.218244,-0.061538,10.218244
10.220644,-0.067399,10.220644
10.223596,-0.067399,10.223596
10.226626,-0.067399,10.226626
10.229787,-0.067399,10.229787
10.232593,-0.061538,10.232593
10.235703,-0.067399,10.235703
10.238583,-0.067399,10.238583
10.241229,-0.067399,10.241229
10.244136,-0.067399,10.244136
10.247165,-0.067399,10.247165
10.255689,-0.067399,10.255689
10.258674,-0.067399,10.258674
10.261162,-0.067399,10.261162
10.264142,-0.067399,10.264142
10.267363,-0.061538,10.267363
10.269788,-0.061538,10.269788
10.272702,-0.067399,10.272702
10.275707,-0.061538,10.275707
10.278691,-0.061538,10.278691
10.281644,-0.061538,10.281644
10.286578,-0.061538,10.286578
10.289266,-0.067399,10.289266
10.292343,-0.061538,10.292343
10.295378,-0.067399,10.295378
10.298341,-0.067399,10.298341
10.300807,-0.067399,10.300807
10.303755,-0.067399,10.303755
10.306892,-0.067399,10.306892
10.309813,-0.061538,10.309813
10.312804,-0.061538,10.312804
10.315753,-0.061538,10.315753
10.318276,-0.067399,10.318276
10.320853,-0.067399,10.320853
10.323868,-0.067399,10.323868
10.326864,-0.067399,10.326864
10.329827,-0.073260,10.329827
10.332789,-0.073260,10.332789
10.335953,-0.067399,10.335953
10.338800,-0.061538,10.338800
10.341297,-0.061538,10.341297
10.344316,-0.067399,10.344316
10.347383,-0.061538,10.347383
10.355864,-0.061538,10.355864
10.358946,-0.067399,10.358946
10.361543,-0.067399,10.361543
10.364410,-0.061538,10.364410
10.367360,-0.067399,10.367360
10.370376,-0.067399,10.370376
10.373458,-0.067399,10.373458
10.375919,-0.067399,10.375919
10.378867,-0.061538,10.378867
10.381401,-0.061538,10.381401
10.384367,-0.061538,10.384367
10.387552,-0.061538,10.387552
10.390811,-0.067399,10.390811
10.396252,-0.067399,10.396252
10.399397,-0.067399,10.399397
10.402501,-0.067399,10.402501
10.405529,-0.061538,10.405529
10.408398,-0.067399,10.408398
10.410906,-0.061538,10.410906
10.414038,-0.061538,10.414038
10.416911,-0.067399,10.416911
10.419973,-0.061538,10.419973
10.423000,-0.067399,10.423000
10.425909,-0.061538,10.425909
10.429064,-0.061538,10.429064
10.431456,-0.061538,10.431456
10.434436,-0.061538,10.434436
10.437482,-0.061538,10.437482
10.439968,-0.067399,10.439968
10.443004,-0.061538,10.443004
10.445971,-0.061538,10.445971
10.448983,-0.067399,10.448983
10.458004,-0.067399,10.458004
10.460571,-0.067399,10.460571
10.463510,-0.061538,10.463510
10.466534,-0.061538,10.466534
10.469230,-0.061538,10.469230
10.472180,-0.061538,10.472180
10.475131,-0.061538,10.475131
10.478145,-0.061538,10.478145
10.481324,-0.061538,10.481324
10.484346,-0.061538,10.484346
10.487318,-0.061538,10.487318
10.489980,-0.061538,10.489980
10.492987,-0.061538,10.492987
10.496196,-0.061538,10.496196
10.499396,-0.061538,10.499396
10.502567,-0.061538,10.502567
10.505589,-0.067399,10.505589
10.508750,-0.067399,10.508750
10.511189,-0.067399,10.511189
10.514267,-0.061538,10.514267
10.517156,-0.061538,10.517156
10.519833,-0.067399,10.519833
10.523006,-0.067399,10.523006
10.525846,-0.067399,10.525846
10.528818,-0.067399,10.528818
10.531413,-0.067399,10.531413
10.534470,-0.067399,10.534470
10.537389,-0.061538,10.537389
10.539930,-0.061538,10.539930
10.542915,-0.061538,10.542915
10.545992,-0.061538,10.545992
10.549046,-0.061538,10.549046
10.557584,-0.061538,10.557584
10.560314,-0.067399,10.560314
10.563145,-0.067399,10.563145
10.566115,-0.067399,10.566115
10.569112,-0.067399,10.569112
10.572105,-0.061538,10.572105
10.575160,-0.061538,10.575160
10.578334,-0.061538,10.578334
10.581173,-0.067399,10.581173
10.584141,-0.061538,10.584141
10.587206,-0.067399,10.587206
10.589745,-0.067399,10.589745
10.592709,-0.061538,10.592709
10.595685,-0.061538,10.595685
10.598704,-0.067399,10.598704
10.601368,-0.067399,10.601368
10.604303,-0.061538,10.604303
10.607527,-0.067399,10.607527
10.611397,-0.067399,10.611397
10.614446,-0.061538,10.614446
10.617317,-0.067399,10.617317
10.620325,-0.061538,10.620325
10.623293,-0.061538,10.623293
10.626276,-0.061538,10.626276
10.629362,-0.067399,10.629362
10.632309,-0.067399,10.632309
10.635264,-0.067399,10.635264
10.638333,-0.067399,10.638333
10.641543,-0.067399,10.641543
10.644565,-0.067399,10.644565
10.647500,-0.067399,10.647500
10.650486,-0.061538,10.650486
10.659471,-0.061538,10.659471
10.662488,-0.067399,10.662488
10.665523,-0.067399,10.665523
10.668671,-0.067399,10.668671
10.670995,-0.067399,10.670995
10.674004,-0.067399,10.674004
10.677039,-0.061538,10.677039
10.679521,-0.061538,10.679521
10.682540,-0.067399,10.682540
10.685514,-0.067399,10.685514
10.688532,-0.067399,10.688532
10.691561,-0.067399,10.691561
10.694632,-0.061538,10.694632
10.697568,-0.061538,10.697568
10.700261,-0.067399,10.700261
10.703221,-0.067399,10.703221
10.706208,-0.067399,10.706208
10.709347,-0.061538,10.709347
10.712303,-0.067399,10.712303
10.715658,-0.061538,10.715658
10.719089,-0.067399,10.719089
10.722327,-0.067399,10.722327
10.725252,-0.067399,10.725252
10.728213,-0.067399,10.728213
10.731244,-0.067399,10.731244
10.734295,-0.067399,10.734295
10.737313,-0.067399,10.737313
10.740795,-0.067399,10.740795
10.743722,-0.061538,10.743722
10.746854,-0.067399,10.746854
10.749826,-0.061538,10.749826
10.752757,-0.061538,10.752757
10.761846,-0.061538,10.761846
10.764812,-0.061538,10.764812
10.767783,-0.067399,10.767783
10.770370,-0.061538,10.770370
10.773337,-0.061538,10.773337
10.776497,-0.061538,10.776497
10.779318,-0.067399,10.779318
10.782353,-0.067399,10.782353
10.785312,-0.067399,10.785312
10.788464,-0.067399,10.788464
10.791666,-0.061538,10.791666
10.794545,-0.061538,10.794545
10.797629,-0.061538,10.797629
10.800619,-0.061538,10.800619
10.803599,-0.067399,10.803599
10.806546,-0.067399,10.806546
10.809580,-0.067399,10.809580
10.812537,-0.067399,10.812537
10.815594,-0.067399,10.815594
10.818532,-0.067399,10.818532
10.821141,-0.067399,10.821141
10.824436,-0.061538,10.824436
10.829360,-0.067399,10.829360
10.832218,-0.067399,10.832218
10.835247,-0.067399,10.835247
10.838203,-0.061538,10.838203
10.840914,-0.061538,10.840914
10.843781,-0.067399,10.843781
10.846753,-0.061538,10.846753
10.849734,-0.061538,10.849734
10.852760,-0.067399,10.852760
10.861263,-0.067399,10.861263
10.864294,-0.067399,10.864294
10.867337,-0.067399,10.867337
10.869814,-0.061538,10.869814
10.872807,-0.067399,10.872807
10.875764,-0.067399,10.875764
10.878808,-0.067399,10.878808
10.881371,-0.067399,10.881371
10.884307,-0.067399,10.884307
10.887318,-0.067399,10.887318
10.890034,-0.067399,10.890034
10.893224,-0.067399,10.893224
10.896125,-0.067399,10.896125
10.899075,-0.061538,10.899075
10.901914,-0.061538,10.901914
10.904832,-0.061538,10.904832
10.908027,-0.061538,10.908027
10.910432,-0.067399,10.910432
10.913367,-0.067399,10.913367
10.916355,-0.067399,10.916355
10.919500,-0.061538,10.919500
10.922516,-0.061538,10.922516
10.925539,-0.061538,10.925539
10.928457,-0.061538,10.928457
10.931111,-0.061538,10.931111
10.934603,-0.067399,10.934603
10.940177,-0.067399,10.940177
10.943175,-0.067399,10.943175
10.946138,-0.067399,10.946138
10.949436,-0.067399,10.949436
10.952169,-0.067399,10.952169
10.955166,-0.067399,10.955166
10.964180,-0.067399,10.964180
10.967220,-0.067399,10.967220
10.970249,-0.061538,10.970249
10.973212,-0.067399,10.973212
10.976242,-0.061538,10.976242
10.979226,-0.061538,10.979226
10.982263,-0.061538,10.982263
10.985246,-0.067399,10.985246
10.988399,-0.067399,10.988399
10.990728,-0.067399,10.990728
10.993706,-0.067399,10.993706
10.996482,-0.061538,10.996482
10.999399,-0.061538,10.999399
11.002516,-0.067399,11.002516
11.005407,-0.061538,11.005407
11.008430,-0.067399,11.008430
11.010889,-0.067399,11.010889
11.014039,-0.067399,11.014039
11.016940,-0.067399,11.016940
11.019422,-0.061538,11.019422
11.022405,-0.067399,11.022405
11.025417,-0.067399,11.025417
11.028524,-0.067399,11.028524
11.030942,-0.067399,11.030942
11.033911,-0.061538,11.033911
11.036941,-0.067399,11.036941
11.039433,-0.067399,11.039433
11.042579,-0.067399,11.042579
11.048428,-0.067399,11.048428
11.051005,-0.067399,11.051005
11.054112,-0.067399,11.054112
11.057012,-0.061538,11.057012
11.065488,-0.067399,11.065488
11.068591,-0.067399,11.068591
11.071550,-0.061538,11.071550
11.074529,-0.067399,11.074529
11.077502,-0.061538,11.077502
11.080033,-0.061538,11.080033
11.083113,-0.061538,11.083113
11.086032,-0.067399,11.086032
11.089144,-0.067399,11.089144
11.092073,-0.067399,11.092073
11.095162,-0.067399,11.095162
11.098036,-0.067399,11.098036
11.101225,-0.067399,11.101225
11.104360,-0.067399,11.104360
11.107315,-0.067399,11.107315
11.109973,-0.067399,11.109973
11.112898,-0.067399,11.112898
11.115864,-0.067399,11.115864
11.118876,-0.061538,11.118876
11.121643,-0.061538,11.121643
11.124145,-0.067399,11.124145
11.127152,-0.061538,11.127152
11.129676,-0.061538,11.129676
11.132670,-0.061538,11.132670
11.135741,-0.067399,11.135741
11.138732,-0.067399,11.138732
11.141286,-0.067399,11.141286
11.144260,-0.061538,11.144260
11.147355,-0.061538,11.147355
11.149785,-0.061538,11.149785
11.155249,-0.061538,11.155249
11.157823,-0.061538,11.157823
11.166336,-0.067399,11.166336
11.169326,-0.067399,11.169326
11.172342,-0.061538,11.172342
11.175405,-0.061538,11.175405
11.178353,-0.067399,11.178353
11.181540,-0.061538,11.181540
11.184451,-0.061538,11.184451
11.187588,-0.061538,11.187588
11.190017,-0.067399,11.190017
11.193018,-0.067399,11.193018
11.196005,-0.067399,11.196005
11.199012,-0.061538,11.199012
11.201559,-0.061538,11.201559
11.204537,-0.067399,11.204537
11.207523,-0.067399,11.207523
11.210021,-0.061538,11.210021
11.213062,-0.067399,11.213062
11.216035,-0.061538,11.216035
11.219008,-0.067399,11.219008
11.221750,-0.061538,11.221750
11.224719,-0.067399,11.224719
11.227954,-0.067399,11.227954
11.230435,-0.067399,11.230435
11.233434,-0.067399,11.233434
11.236410,-0.061538,11.236410
11.239553,-0.061538,11.239553
11.242532,-0.061538,11.242532
11.245477,-0.061538,11.245477
11.248455,-0.061538,11.248455
11.251471,-0.067399,11.251471
11.254485,-0.061538,11.254485
11.257448,-0.061538,11.257448
11.260428,-0.067399,11.260428
11.270788,-0.067399,11.270788
11.273766,-0.067399,11.273766
11.276750,-0.067399,11.276750
11.279258,-0.067399,11.279258
11.282305,-0.067399,11.282305
11.285238,-0.061538,11.285238
11.288236,-0.061538,11.288236
11.291388,-0.061538,11.291388
11.294484,-0.061538,11.294484
11.297381,-0.067399,11.297381
11.300019,-0.061538,11.300019
11.303009,-0.061538,11.303009
11.306089,-0.061538,11.306089
11.309074,-0.067399,11.309074
11.311558,-0.061538,11.311558
11.314505,-0.061538,11.314505
11.317483,-0.067399,11.317483
11.320030,-0.067399,11.320030
11.323106,-0.061538,11.323106
11.326034,-0.061538,11.326034
11.329028,-0.061538,11.329028
11.331726,-0.067399,11.331726
11.334750,-0.067399,11.334750
11.337865,-0.061538,11.337865
11.340324,-0.067399,11.340324
11.343257,-0.061538,11.343257
11.346238,-0.067399,11.346238
11.349312,-0.067399,11.349312
11.352266,-0.061538,11.352266
11.355298,-0.067399,11.355298
11.358240,-0.067399,11.358240
11.361403,-0.061538,11.361403
11.370434,-0.061538,11.370434
11.375792,-0.067399,11.375792
11.379059,-0.061538,11.379059
11.381501,-0.067399,11.381501
11.384446,-0.073260,11.384446
11.387566,-0.067399,11.387566
11.390495,-0.067399,11.390495
11.393485,-0.067399,11.393485
11.396459,-0.067399,11.396459
11.399491,-0.067399,11.399491
11.402530,-0.067399,11.402530
11.405491,-0.067399,11.405491
11.408506,-0.067399,11.408506
11.411490,-0.061538,11.411490
11.414545,-0.061538,11.414545
11.417497,-0.061538,11.417497
11.420064,-0.061538,11.420064
11.423061,-0.061538,11.423061
11.426053,-0.067399,11.426053
11.429115,-0.061538,11.429115
11.432129,-0.061538,11.432129
11.435066,-0.061538,11.435066
11.438058,-0.067399,11.438058
11.441251,-0.061538,11.441251
11.444151,-0.067399,11.444151
11.447282,-0.067399,11.447282
11.449713,-0.067399,11.449713
11.452738,-0.067399,11.452738
11.455746,-0.067399,11.455746
11.458710,-0.067399,11.458710
11.461265,-0.067399,11.461265
11.464278,-0.061538,11.464278
11.472792,-0.067399,11.472792
11.475800,-0.061538,11.475800
11.479105,-0.061538,11.479105
11.483927,-0.061538,11.483927
11.486758,-0.061538,11.486758
11.489770,-0.067399,11.489770
11.492814,-0.067399,11.492814
11.495778,-0.067399,11.495778
11.498715,-0.061538,11.498715
11.501435,-0.067399,11.501435
11.504419,-0.067399,11.504419
11.507500,-0.067399,11.507500
11.510458,-0.067399,11.510458
11.513460,-0.067399,11.513460
11.516462,-0.067399,11.516462
11.519022,-0.067399,11.519022
11.521634,-0.067399,11.521634
11.524594,-0.061538,11.524594
11.527523,-0.067399,11.527523
11.530027,-0.067399,11.530027
11.533025,-0.061538,11.533025
11.536061,-0.061538,11.536061
11.539150,-0.061538,11.539150
11.541694,-0.061538,11.541694
11.544631,-0.067399,11.544631
11.547754,-0.061538,11.547754
11.550286,-0.067399,11.550286
11.553155,-0.067399,11.553155
11.556161,-0.067399,11.556161
11.559168,-0.067399,11.559168
11.562181,-0.067399,11.562181
11.565163,-0.067399,11.565163
11.574319,-0.067399,11.574319
11.577292,-0.061538,11.577292
11.579840,-0.067399,11.579840
11.582806,-0.067399,11.582806
11.585868,-0.067399,11.585868
11.591528,-0.067399,11.591528
11.593819,-0.067399,11.593819
11.596864,-0.067399,11.596864
11.599821,-0.067399,11.599821
11.602865,-0.067399,11.602865
11.605798,-0.067399,11.605798
11.608824,-0.067399,11.608824
11.611307,-0.061538,11.611307
11.614428,-0.061538,11.614428
11.617419,-0.061538,11.617419
11.620397,-0.067399,11.620397
11.623368,-0.067399,11.623368
11.626417,-0.061538,11.626417
11.629419,-0.061538,11.629419
11.632476,-0.061538,11.632476
11.635365,-0.061538,11.635365
11.638395,-0.061538,11.638395
11.641066,-0.067399,11.641066
11.643940,-0.067399,11.643940
11.646935,-0.061538,11.646935
11.649480,-0.061538,11.649480
11.652572,-0.061538,11.652572
11.655618,-0.067399,11.655618
11.658447,-0.067399,11.658447
11.661469,-0.067399,11.661469
11.664487,-0.067399,11.664487
11.667589,-0.061538,11.667589
11.676329,-0.061538,11.676329
11.679425,-0.061538,11.679425
11.682401,-0.067399,11.682401
11.685365,-0.067399,11.685365
11.688312,-0.067399,11.688312
11.691047,-0.067399,11.691047
11.694123,-0.067399,11.694123
11.697512,-0.061538,11.697512
11.701243,-0.061538,11.701243
11.704216,-0.061538,11.704216
11.707228,-0.067399,11.707228
11.709719,-0.067399,11.709719
11.712666,-0.067399,11.712666
11.715593,-0.067399,11.715593
11.718633,-0.067399,11.718633
11.721208,-0.061538,11.721208
11.724170,-0.061538,11.724170
11.727177,-0.067399,11.727177
11.729683,-0.067399,11.729683
11.732620,-0.067399,11.732620
11.735701,-0.061538,11.735701
11.738651,-0.061538,11.738651
11.741167,-0.061538,11.741167
11.744210,-0.061538,11.744210
11.747224,-0.061538,11.747224
11.749674,-0.061538,11.749674
11.752691,-0.067399,11.752691
11.755643,-0.067399,11.755643
11.758720,-0.067399,11.758720
11.761187,-0.067399,11.761187
11.764185,-0.061538,11.764185
11.767167,-0.061538,11.767167
11.769760,-0.067399,11.769760
11.778722,-0.067399,11.778722
11.781258,-0.061538,11.781258
11.784276,-0.061538,11.784276
11.787500,-0.061538,11.787500
11.789902,-0.061538,11.789902
11.792828,-0.061538,11.792828
11.795843,-0.061538,11.795843
11.798827,-0.067399,11.798827
11.801697,-0.061538,11.801697
11.804693,-0.061538,11.804693
11.809059,-0.061538,11.809059
11.811449,-0.061538,11.811449
11.814525,-0.061538,11.814525
11.817463,-0.061538,11.817463
11.820100,-0.061538,11.820100
11.823076,-0.061538,11.823076
11.825966,-0.061538,11.825966
11.829122,-0.067399,11.829122
11.832179,-0.061538,11.832179
11.835070,-0.061538,11.835070
11.837983,-0.067399,11.837983
11.841096,-0.067399,11.841096
11.844064,-0.067399,11.844064
11.847049,-0.067399,11.847049
11.849598,-0.067399,11.849598
11.852530,-0.061538,11.852530
11.855534,-0.061538,11.855534
11.858485,-0.067399,11.858485
11.861044,-0.067399,11.861044
11.864060,-0.067399,11.864060
11.867113,-0.067399,11.867113
11.869583,-0.067399,11.869583
11.872522,-0.067399,11.872522
11.881092,-0.067399,11.881092
11.884080,-0.061538,11.884080
11.887049,-0.061538,11.887049
11.889555,-0.067399,11.889555
11.892558,-0.067399,11.892558
11.895646,-0.061538,11.895646
11.898605,-0.061538,11.898605
11.901067,-0.067399,11.901067
11.904055,-0.067399,11.904055
11.907196,-0.067399,11.907196
11.909697,-0.067399,11.909697
11.913065,-0.067399,11.913065
11.917680,-0.067399,11.917680
11.920882,-0.067399,11.920882
11.923782,-0.067399,11.923782
11.926752,-0.067399,11.926752
11.929697,-0.067399,11.929697
11.932611,-0.067399,11.932611
11.935679,-0.061538,11.935679
11.938646,-0.061538,11.938646
11.941140,-0.061538,11.941140
11.944143,-0.067399,11.944143
11.947228,-0.067399,11.947228
11.949735,-0.067399,11.949735
11.952739,-0.061538,11.952739
11.955659,-0.067399,11.955659
11.958703,-0.067399,11.958703
11.961228,-0.067399,11.961228
11.964246,-0.067399,11.964246
11.967195,-0.067399,11.967195
11.969808,-0.067399,11.969808
11.972718,-0.073260,11.972718
11.981230,-0.067399,11.981230
11.984237,-0.067399,11.984237
11.987347,-0.061538,11.987347
11.990137,-0.067399,11.990137
11.992787,-0.061538,11.992787
11.995370,-0.067399,11.995370
11.998331,-0.061538,11.998331
12.001531,-0.067399,12.001531
12.004379,-0.067399,12.004379
12.007382,-0.067399,12.007382
12.009932,-0.067399,12.009932
12.012963,-0.067399,12.012963
12.015993,-0.067399,12.015993
12.018931,-0.061538,12.018931
12.022157,-0.067399,12.022157
12.026445,-0.061538,12.026445
12.029578,-0.061538,12.029578
12.032471,-0.061538,12.032471
12.035576,-0.061538,12.035576
12.038455,-0.067399,12.038455
12.041078,-0.067399,12.041078
12.044082,-0.067399,12.044082
12.046988,-0.067399,12.046988
12.049986,-0.067399,12.049986
12.053014,-0.067399,12.053014
12.056120,-0.067399,12.056120
12.058948,-0.067399,12.058948
12.061494,-0.067399,12.061494
12.064531,-0.061538,12.064531
12.067673,-0.067399,12.067673
12.070120,-0.061538,12.070120
12.073105,-0.061538,12.073105
12.081734,-0.067399,12.081734
12.084718,-0.067399,12.084718
12.087646,-0.061538,12.087646
12.090652,-0.061538,12.090652
12.093784,-0.061538,12.093784
12.096710,-0.067399,12.096710
12.099848,-0.067399,12.099848
12.102644,-0.067399,12.102644
12.105655,-0.067399,12.105655
12.108838,-0.061538,12.108838
12.111260,-0.067399,12.111260
12.114209,-0.067399,12.114209
12.117204,-0.067399,12.117204
12.119606,-0.067399,12.119606
12.122225,-0.067399,12.122225
12.125468,-0.061538,12.125468
12.128403,-0.061538,12.128403
12.131451,-0.061538,12.131451
12.136919,-0.061538,12.136919
12.139977,-0.061538,12.139977
12.142986,-0.067399,12.142986
12.146054,-0.061538,12.146054
12.149089,-0.061538,12.149089
12.151483,-0.067399,12.151483
12.154473,-0.067399,12.154473
12.157459,-0.067399,12.157459
12.159980,-0.061538,12.159980
12.163140,-0.061538,12.163140
12.166065,-0.061538,12.166065
12.169069,-0.061538,12.169069
12.171488,-0.061538,12.171488
12.174773,-0.067399,12.174773
12.183513,-0.067399,12.183513
12.186548,-0.067399,12.186548
12.189588,-0.061538,12.189588
12.192651,-0.067399,12.192651
12.195534,-0.061538,12.195534
12.198551,-0.067399,12.198551
12.201136,-0.067399,12.201136
12.204117,-0.061538,12.204117
12.207056,-0.061538,12.207056
12.209560,-0.061538,12.209560
12.212556,-0.067399,12.212556
12.215646,-0.067399,12.215646
12.218580,-0.067399,12.218580
12.221559,-0.067399,12.221559
12.224604,-0.061538,12.224604
12.227713,-0.067399,12.227713
12.230590,-0.061538,12.230590
12.233599,-0.061538,12.233599
12.236613,-0.061538,12.236613
12.240497,-0.061538,12.240497
12.247768,-0.061538,12.247768
12.250637,-0.067399,12.250637
12.254082,-0.067399,12.254082
12.256641,-0.067399,12.256641
12.259589,-0.067399,12.259589
12.262553,-0.061538,12.262553
12.265549,-0.061538,12.265549
12.269038,-0.061538,12.269038
12.271609,-0.061538,12.271609
12.274572,-0.061538,12.274572
12.277547,-0.061538,12.277547
12.286618,-0.061538,12.286618
12.289601,-0.067399,12.289601
12.292631,-0.067399,12.292631
12.295652,-0.061538,12.295652
12.298587,-0.061538,12.298587
12.301178,-0.061538,12.301178
12.304092,-0.067399,12.304092
12.307146,-0.061538,12.307146
12.309649,-0.061538,12.309649
12.312606,-0.061538,12.312606
12.315629,-0.067399,12.315629
12.318652,-0.067399,12.318652
12.321709,-0.061538,12.321709
12.324612,-0.061538,12.324612
12.327580,-0.061538,12.327580
12.330637,-0.067399,12.330637
12.333684,-0.061538,12.333684
12.336650,-0.061538,12.336650
12.339649,-0.061538,12.339649
12.342562,-0.067399,12.342562
12.345625,-0.067399,12.345625
12.348840,-0.067399,12.348840
12.351114,-0.067399,12.351114
12.354096,-0.067399,12.354096
12.357152,-0.067399,12.357152
12.359756,-0.067399,12.359756
12.363442,-0.067399,12.363442
12.368259,-0.067399,12.368259
12.370689,-0.067399,12.370689
12.373816,-0.067399,12.373816
12.376420,-0.067399,12.376420
12.379359,-0.067399,12.379359
12.388489,-0.061538,12.388489
12.391544,-0.067399,12.391544
12.394363,-0.067399,12.394363
12.397362,-0.067399,12.397362
12.399928,-0.067399,12.399928
12.402990,-0.061538,12.402990
12.406014,-0.061538,12.406014
12.408931,-0.067399,12.408931
12.411910,-0.061538,12.411910
12.415006,-0.061538,12.415006
12.417932,-0.067399,12.417932
12.420494,-0.067399,12.420494
12.423721,-0.067399,12.423721
12.426465,-0.067399,12.426465
12.429607,-0.067399,12.429607
12.432490,-0.067399,12.432490
12.435471,-0.067399,12.435471
12.438476,-0.067399,12.438476
12.441598,-0.067399,12.441598
12.444499,-0.067399,12.444499
12.447471,-0.067399,12.447471
12.450079,-0.067399,12.450079
12.453198,-0.067399,12.453198
12.456154,-0.061538,12.456154
12.459077,-0.067399,12.459077
12.462108,-0.067399,12.462108
12.465086,-0.067399,12.465086
12.468408,-0.061538,12.468408
12.471391,-0.067399,12.471391
12.474357,-0.067399,12.474357
12.477345,-0.067399,12.477345
12.480943,-0.067399,12.480943
12.494902,-0.067399,12.494902
12.497998,-0.067399,12.497998
12.500386,-0.067399,12.500386
12.503388,-0.067399,12.503388
12.506329,-0.067399,12.506329
12.509441,-0.067399,12.509441
12.512375,-0.061538,12.512375
12.515400,-0.061538,12.515400
12.518385,-0.061538,12.518385
12.521049,-0.061538,12.521049
12.523973,-0.061538,12.523973
12.526973,-0.061538,12.526973
12.529984,-0.061538,12.529984
12.532965,-0.067399,12.532965
12.536031,-0.067399,12.536031
12.538959,-0.067399,12.538959
12.541983,-0.061538,12.541983
12.545143,-0.061538,12.545143
12.548198,-0.061538,12.548198
12.551241,-0.061538,12.551241
12.554194,-0.061538,12.554194
12.557154,-0.061538,12.557154
12.560439,-0.067399,12.560439
12.563185,-0.061538,12.563185
12.566169,-0.061538,12.566169
12.569160,-0.067399,12.569160
12.572189,-0.067399,12.572189
12.575214,-0.067399,12.575214
12.578223,-0.067399,12.578223
12.581425,-0.061538,12.581425
12.590103,-0.061538,12.590103
12.593095,-0.061538,12.593095
12.596075,-0.061538,12.596075
12.599104,-0.061538,12.599104
12.601842,-0.061538,12.601842
12.604684,-0.061538,12.604684
12.608225,-0.067399,12.608225
12.612707,-0.061538,12.612707
12.615752,-0.061538,12.615752
12.618709,-0.067399,12.618709
12.621344,-0.067399,12.621344
12.624356,-0.067399,12.624356
12.627463,-0.067399,12.627463
12.630409,-0.061538,12.630409
12.633394,-0.061538,12.633394
12.636373,-0.061538,12.636373
12.639400,-0.061538,12.639400
12.642465,-0.061538,12.642465
12.645463,-0.061538,12.645463
12.648434,-0.061538,12.648434
12.651281,-0.061538,12.651281
12.654389,-0.061538,12.654389
12.657279,-0.067399,12.657279
12.659811,-0.061538,12.659811
12.662789,-0.067399,12.662789
12.665794,-0.067399,12.665794
12.668931,-0.067399,12.668931
12.671604,-0.067399,12.671604
12.674576,-0.067399,12.674576
12.677537,-0.067399,12.677537
12.680155,-0.067399,12.680155
12.683328,-0.067399,12.683328
12.692152,-0.067399,12.692152
12.695303,-0.061538,12.695303
12.698141,-0.061538,12.698141
12.700405,-0.061538,12.700405
12.703407,-0.061538,12.703407
12.706407,-0.061538,12.706407
12.709468,-0.061538,12.709468
12.712499,-0.067399,12.712499
12.716608,-0.067399,12.716608
12.721517,-0.061538,12.721517
12.724493,-0.061538,12.724493
12.727482,-0.067399,12.727482
12.730104,-0.061538,12.730104
12.733018,-0.061538,12.733018
12.736125,-0.061538,12.736125
12.738974,-0.061538,12.738974
12.742031,-0.061538,12.742031
12.744975,-0.061538,12.744975
12.748216,-0.061538,12.748216
12.751347,-0.061538,12.751347
12.754294,-0.061538,12.754294
12.757259,-0.061538,12.757259
12.759854,-0.061538,12.759854
12.762926,-0.067399,12.762926
12.765951,-0.067399,12.765951
12.768836,-0.067399,12.768836
12.771844,-0.067399,12.771844
12.774952,-0.067399,12.774952
12.777885,-0.061538,12.777885
12.780512,-0.061538,12.780512
12.783375,-0.067399,12.783375
12.792551,-0.067399,12.792551
12.795462,-0.061538,12.795462
12.798462,-0.067399,12.798462
12.801629,-0.067399,12.801629
12.804534,-0.061538,12.804534
12.807507,-0.061538,12.807507
12.810161,-0.061538,12.810161
12.813120,-0.067399,12.813120
12.816194,-0.067399,12.816194
12.819138,-0.067399,12.819138
12.821658,-0.067399,12.821658
12.825190,-0.067399,12.825190
12.830866,-0.061538,12.830866
12.833665,-0.067399,12.833665
12.836661,-0.067399,12.836661
12.839683,-0.067399,12.839683
12.842718,-0.061538,12.842718
12.845658,-0.061538,12.845658
12.848650,-0.067399,12.848650
12.851279,-0.067399,12.851279
12.854453,-0.061538,12.854453
12.857336,-0.061538,12.857336
12.859862,-0.061538,12.859862
12.862882,-0.061538,12.862882
12.865820,-0.061538,12.865820
12.869202,-0.067399,12.869202
12.871877,-0.067399,12.871877
12.874822,-0.067399,12.874822
12.877852,-0.061538,12.877852
12.880902,-0.067399,12.880902
12.883856,-0.061538,12.883856
12.892790,-0.067399,12.892790
12.895933,-0.061538,12.895933
12.898840,-0.061538,12.898840
12.901355,-0.061538,12.901355
12.904360,-0.061538,12.904360
12.907412,-0.067399,12.907412
12.909964,-0.061538,12.909964
12.912882,-0.061538,12.912882
12.915882,-0.061538,12.915882
12.918904,-0.061538,12.918904
12.922013,-0.061538,12.922013
12.924924,-0.067399,12.924924
12.927882,-0.067399,12.927882
12.930908,-0.061538,12.930908
12.934836,-0.061538,12.934836
12.939444,-0.067399,12.939444
12.941916,-0.061538,12.941916
12.944871,-0.067399,12.944871
12.948030,-0.061538,12.948030
12.950929,-0.061538,12.950929
12.953900,-0.067399,12.953900
12.956900,-0.067399,12.956900
12.959957,-0.061538,12.959957
12.962967,-0.067399,12.962967
12.965932,-0.061538,12.965932
12.968875,-0.067399,12.968875
12.971380,-0.067399,12.971380
12.974553,-0.067399,12.974553
12.977433,-0.061538,12.977433
12.980097,-0.061538,12.980097
12.983015,-0.061538,12.983015
12.986005,-0.061538,12.986005
12.994492,-0.061538,12.994492
12.997531,-0.061538,12.997531
13.000232,-0.061538,13.000232
13.003158,-0.067399,13.003158
13.006159,-0.067399,13.006159
13.009128,-0.067399,13.009128
13.011621,-0.067399,13.011621
13.014749,-0.067399,13.014749
13.017657,-0.067399,13.017657
13.020159,-0.067399,13.020159
13.022640,-0.073260,13.022640
13.025633,-0.067399,13.025633
13.028799,-0.067399,13.028799
13.031169,-0.061538,13.031169
13.034174,-0.067399,13.034174
13.037205,-0.067399,13.037205
13.039660,-0.067399,13.039660
13.043932,-0.067399,13.043932
13.050317,-0.067399,13.050317
13.052794,-0.067399,13.052794
13.055802,-0.067399,13.055802
13.058890,-0.067399,13.058890
13.061180,-0.067399,13.061180
13.064221,-0.067399,13.064221
13.067300,-0.067399,13.067300
13.069785,-0.067399,13.069785
13.072725,-0.067399,13.072725
13.075743,-0.067399,13.075743
13.078730,-0.067399,13.078730
13.081481,-0.067399,13.081481
13.084285,-0.067399,13.084285
13.087256,-0.067399,13.087256
13.095773,-0.067399,13.095773
13.098790,-0.067399,13.098790
13.101259,-0.067399,13.101259
13.104403,-0.067399,13.104403
13.107348,-0.067399,13.107348
13.109851,-0.067399,13.109851
13.112815,-0.061538,13.112815
13.115809,-0.061538,13.115809
13.118783,-0.061538,13.118783
13.121436,-0.061538,13.121436
13.124356,-0.067399,13.124356
13.127407,-0.061538,13.127407
13.129906,-0.067399,13.129906
13.132902,-0.067399,13.132902
13.135996,-0.061538,13.135996
13.138945,-0.061538,13.138945
13.141457,-0.067399,13.141457
13.144432,-0.067399,13.144432
13.147531,-0.067399,13.147531
13.150250,-0.061538,13.150250
13.153029,-0.061538,13.153029
13.156001,-0.061538,13.156001
13.159033,-0.067399,13.159033
13.161626,-0.067399,13.161626
13.164538,-0.067399,13.164538
13.167581,-0.067399,13.167581
13.173273,-0.067399,13.173273
13.176147,-0.067399,13.176147
13.179129,-0.067399,13.179129
13.181575,-0.067399,13.181575
13.184534,-0.067399,13.184534
13.187646,-0.067399,13.187646
13.196128,-0.067399,13.196128
13.199141,-0.067399,13.199141
13.201791,-0.061538,13.201791
13.204614,-0.061538,13.204614
13.207647,-0.067399,13.207647
13.210635,-0.067399,13.210635
13.213815,-0.067399,13.213815
13.216785,-0.067399,13.216785
13.219739,-0.067399,13.219739
13.222231,-0.067399,13.222231
13.225292,-0.067399,13.225292
13.228541,-0.067399,13.228541
13.231238,-0.061538,13.231238
13.234200,-0.061538,13.234200
13.237180,-0.067399,13.237180
13.239742,-0.061538,13.239742
13.242751,-0.061538,13.242751
13.245663,-0.061538,13.245663
13.248700,-0.067399,13.248700
13.251162,-0.067399,13.251162
13.254289,-0.061538,13.254289
13.257229,-0.061538,13.257229
13.259801,-0.067399,13.259801
13.262737,-0.067399,13.262737
13.265751,-0.067399,13.265751
13.268776,-0.067399,13.268776
13.271212,-0.073260,13.271212
13.274204,-0.067399,13.274204
13.277522,-0.067399,13.277522
13.283586,-0.061538,13.283586
13.286296,-0.067399,13.286296
13.289281,-0.067399,13.289281
13.298288,-0.061538,13.298288
13.300798,-0.067399,13.300798
13.303763,-0.067399,13.303763
13.307019,-0.067399,13.307019
13.309847,-0.067399,13.309847
13.312784,-0.067399,13.312784
13.315736,-0.067399,13.315736
13.318785,-0.067399,13.318785
13.321347,-0.061538,13.321347
13.324305,-0.061538,13.324305
13.327246,-0.061538,13.327246
13.329795,-0.067399,13.329795
13.332771,-0.067399,13.332771
13.335796,-0.061538,13.335796
13.338805,-0.061538,13.338805
13.341300,-0.061538,13.341300
13.344268,-0.067399,13.344268
13.347372,-0.067399,13.347372
13.349855,-0.061538,13.349855
13.352921,-0.061538,13.352921
13.355818,-0.067399,13.355818
13.358858,-0.061538,13.358858
13.361493,-0.067399,13.361493
13.364429,-0.067399,13.364429
13.366907,-0.067399,13.366907
13.369568,-0.067399,13.369568
13.372578,-0.067399,13.372578
13.375629,-0.067399,13.375629
13.378560,-0.067399,13.378560
13.381028,-0.067399,13.381028
13.384138,-0.067399,13.384138
13.387145,-0.067399,13.387145
13.390144,-0.067399,13.390144
13.400990,-0.061538,13.400990
13.406495,-0.061538,13.406495
13.409062,-0.067399,13.409062
13.411646,-0.067399,13.411646
13.414822,-0.067399,13.414822
13.417588,-0.067399,13.417588
13.420117,-0.061538,13.420117
13.422777,-0.061538,13.422777
13.425646,-0.067399,13.425646
13.428867,-0.067399,13.428867
13.431181,-0.061538,13.431181
13.434135,-0.061538,13.434135
13.437109,-0.067399,13.437109
13.439677,-0.061538,13.439677
13.442671,-0.067399,13.442671
13.445641,-0.067399,13.445641
13.448648,-0.061538,13.448648
13.451188,-0.061538,13.451188
13.454277,-0.061538,13.454277
13.457224,-0.061538,13.457224
13.459702,-0.067399,13.459702
13.462786,-0.067399,13.462786
13.465679,-0.067399,13.465679
13.468830,-0.067399,13.468830
13.471205,-0.061538,13.471205
13.474169,-0.067399,13.474169
13.477160,-0.067399,13.477160
13.479728,-0.067399,13.479728
13.482772,-0.067399,13.482772
13.485730,-0.067399,13.485730
13.488743,-0.061538,13.488743
13.491255,-0.061538,13.491255
13.499726,-0.061538,13.499726
13.502771,-0.067399,13.502771
13.505706,-0.061538,13.505706
13.509794,-0.067399,13.509794
13.514838,-0.067399,13.514838
13.517912,-0.067399,13.517912
13.520919,-0.067399,13.520919
13.523257,-0.067399,13.523257
13.526269,-0.061538,13.526269
13.529267,-0.067399,13.529267
13.532317,-0.061538,13.532317
13.535381,-0.061538,13.535381
13.538293,-0.067399,13.538293
13.540785,-0.067399,13.540785
13.543817,-0.061538,13.543817
13.546775,-0.061538,13.546775
13.549878,-0.061538,13.549878
13.552819,-0.061538,13.552819
13.555899,-0.061538,13.555899
13.558796,-0.067399,13.558796
13.561474,-0.061538,13.561474
13.564326,-0.061538,13.564326
13.567303,-0.061538,13.567303
13.569822,-0.067399,13.569822
13.572824,-0.067399,13.572824
13.575863,-0.061538,13.575863
13.578912,-0.067399,13.578912
13.581297,-0.061538,13.581297
13.584321,-0.061538,13.584321
13.587397,-0.067399,13.587397
13.589905,-0.061538,13.589905
13.592856,-0.061538,13.592856
13.601423,-0.061538,13.601423
13.604396,-0.067399,13.604396
13.607399,-0.067399,13.607399
13.609850,-0.061538,13.609850
13.612895,-0.061538,13.612895
13.615914,-0.067399,13.615914
13.619261,-0.067399,13.619261
13.625227,-0.067399,13.625227
13.628064,-0.067399,13.628064
13.630975,-0.067399,13.630975
13.633954,-0.067399,13.633954
13.636915,-0.067399,13.636915
13.639890,-0.061538,13.639890
13.642936,-0.061538,13.642936
13.645926,-0.067399,13.645926
13.648982,-0.067399,13.648982
13.651435,-0.067399,13.651435
13.654603,-0.067399,13.654603
13.657482,-0.061538,13.657482
13.660073,-0.067399,13.660073
13.663220,-0.067399,13.663220
13.666017,-0.067399,13.666017
13.669177,-0.061538,13.669177
13.671486,-0.061538,13.671486
13.674476,-0.067399,13.674476
13.677464,-0.067399,13.677464
13.680045,-0.061538,13.680045
13.683159,-0.061538,13.683159
13.686051,-0.067399,13.686051
13.689138,-0.067399,13.689138
13.691516,-0.067399,13.691516
13.694736,-0.067399,13.694736
13.703133,-0.067399,13.703133
13.706148,-0.067399,13.706148
13.709390,-0.067399,13.709390
13.712155,-0.067399,13.712155
13.715124,-0.067399,13.715124
13.718120,-0.067399,13.718120
13.721208,-0.061538,13.721208
13.723616,-0.061538,13.723616
13.726697,-0.067399,13.726697
13.729644,-0.067399,13.729644
13.732644,-0.061538,13.732644
13.735740,-0.061538,13.735740
13.738720,-0.067399,13.738720
13.742475,-0.067399,13.742475
13.747647,-0.067399,13.747647
13.750631,-0.067399,13.750631
13.753180,-0.067399,13.753180
13.756269,-0.067399,13.756269
13.759168,-0.067399,13.759168
13.761755,-0.061538,13.761755
13.764665,-0.061538,13.764665
13.767712,-0.067399,13.767712
13.770172,-0.067399,13.770172
13.773219,-0.067399,13.773219
13.776217,-0.067399,13.776217
13.779206,-0.067399,13.779206
13.782170,-0.061538,13.782170
13.785209,-0.067399,13.785209
13.788329,-0.067399,13.788329
13.790748,-0.067399,13.790748
13.793700,-0.067399,13.793700
13.796688,-0.061538,13.796688
13.805716,-0.067399,13.805716
13.808722,-0.061538,13.808722
13.811202,-0.061538,13.811202
13.814299,-0.061538,13.814299
13.816765,-0.067399,13.816765
13.819803,-0.067399,13.819803
13.822771,-0.067399,13.822771
13.825718,-0.067399,13.825718
13.828881,-0.067399,13.828881
13.831315,-0.061538,13.831315
13.834488,-0.061538,13.834488
13.836788,-0.067399,13.836788
13.839795,-0.067399,13.839795
13.842832,-0.067399,13.842832
13.845731,-0.061538,13.845731
13.848823,-0.061538,13.848823
13.851823,-0.061538,13.851823
13.856676,-0.061538,13.856676
13.859837,-0.061538,13.859837
13.862819,-0.061538,13.862819
13.866069,-0.067399,13.866069
13.868984,-0.061538,13.868984
13.871270,-0.061538,13.871270
13.874331,-0.061538,13.874331
13.877288,-0.067399,13.877288
13.879856,-0.067399,13.879856
13.882906,-0.067399,13.882906
13.885808,-0.067399,13.885808
13.888798,-0.067399,13.888798
13.891374,-0.061538,13.891374
13.894446,-0.061538,13.894446
13.897540,-0.061538,13.897540
13.906392,-0.061538,13.906392
13.909550,-0.061538,13.909550
13.912490,-0.067399,13.912490
13.915364,-0.067399,13.915364
13.918394,-0.067399,13.918394
13.920988,-0.061538,13.920988
13.923991,-0.061538,13.923991
13.926883,-0.061538,13.926883
13.929899,-0.061538,13.929899
13.932876,-0.061538,13.932876
13.935941,-0.067399,13.935941
13.938875,-0.067399,13.938875
13.941412,-0.061538,13.941412
13.944413,-0.061538,13.944413
13.947492,-0.061538,13.947492
13.950034,-0.067399,13.950034
13.952995,-0.061538,13.952995
13.956011,-0.067399,13.956011
13.960426,-0.067399,13.960426
13.962771,-0.067399,13.962771
13.967718,-0.067399,13.967718
13.970706,-0.067399,13.970706
13.973798,-0.067399,13.973798
13.976769,-0.067399,13.976769
13.979695,-0.067399,13.979695
13.982300,-0.067399,13.982300
13.984854,-0.067399,13.984854
13.987964,-0.067399,13.987964
13.990430,-0.067399,13.990430
13.993319,-0.067399,13.993319
13.996317,-0.067399,13.996317
13.999275,-0.067399,13.999275
14.008281,-0.061538,14.008281
14.011476,-0.067399,14.011476
14.014568,-0.067399,14.014568
14.017511,-0.067399,14.017511
14.020068,-0.067399,14.020068
14.023157,-0.067399,14.023157
14.026062,-0.067399,14.026062
14.029245,-0.067399,14.029245
14.032142,-0.061538,14.032142
14.035131,-0.061538,14.035131
14.038173,-0.061538,14.038173
14.041450,-0.067399,14.041450
14.044389,-0.067399,14.044389
14.047289,-0.067399,14.047289
14.049866,-0.067399,14.049866
14.052858,-0.067399,14.052858
14.056283,-0.061538,14.056283
14.058929,-0.061538,14.058929
14.061487,-0.067399,14.061487
14.064524,-0.061538,14.064524
14.067636,-0.061538,14.067636
14.071363,-0.061538,14.071363
14.077363,-0.061538,14.077363
14.080237,-0.061538,14.080237
14.083287,-0.061538,14.083287
14.086247,-0.061538,14.086247
14.089185,-0.061538,14.089185
14.091709,-0.061538,14.091709
14.094807,-0.061538,14.094807
14.097700,-0.061538,14.097700
14.100177,-0.061538,14.100177
14.109325,-0.061538,14.109325
14.112199,-0.061538,14.112199
14.115199,-0.061538,14.115199
14.118210,-0.061538,14.118210
14.120780,-0.067399,14.120780
14.123744,-0.061538,14.123744
14.126702,-0.061538,14.126702
14.129678,-0.067399,14.129678
14.132764,-0.067399,14.132764
14.135780,-0.067399,14.135780
14.138708,-0.067399,14.138708
14.141201,-0.067399,14.141201
14.144230,-0.067399,14.144230
14.147280,-0.067399,14.147280
14.149878,-0.067399,14.149878
14.152752,-0.067399,14.152752
14.155785,-0.067399,14.155785
14.158744,-0.067399,14.158744
14.161431,-0.067399,14.161431
14.164372,-0.067399,14.164372
14.167297,-0.067399,14.167297
14.169800,-0.067399,14.169800
14.172859,-0.067399,14.172859
14.175910,-0.067399,14.175910
14.178804,-0.067399,14.178804
14.181727,-0.067399,14.181727
14.188618,-0.067399,14.188618
14.191338,-0.067399,14.191338
14.194296,-0.061538,14.194296
14.197326,-0.061538,14.197326
14.199884,-0.061538,14.199884
14.202942,-0.061538,14.202942
14.211388,-0.067399,14.211388
14.214525,-0.067399,14.214525
14.217450,-0.061538,14.217450
14.219942,-0.061538,14.219942
14.222913,-0.061538,14.222913
14.225433,-0.061538,14.225433
14.228689,-0.061538,14.228689
14.231525,-0.067399,14.231525
14.234472,-0.067399,14.234472
14.237553,-0.067399,14.237553
14.240698,-0.067399,14.240698
14.243516,-0.067399,14.243516
14.246494,-0.061538,14.246494
14.249477,-0.061538,14.249477
14.252572,-0.061538,14.252572
14.255726,-0.061538,14.255726
14.258678,-0.061538,14.258678
14.261124,-0.061538,14.261124
14.264084,-0.061538,14.264084
14.267157,-0.061538,14.267157
14.270353,-0.061538,14.270353
14.272881,-0.067399,14.272881
14.275854,-0.061538,14.275854
14.278796,-0.061538,14.278796
14.281448,-0.061538,14.281448
14.284401,-0.061538,14.284401
14.287469,-0.067399,14.287469
14.289868,-0.067399,14.289868
14.292891,-0.067399,14.292891
14.296329,-0.067399,14.296329
14.298933,-0.061538,14.298933
14.301994,-0.061538,14.301994
14.305399,-0.067399,14.305399
14.318493,-0.067399,14.318493
14.321494,-0.067399,14.321494
14.324397,-0.061538,14.324397
14.327422,-0.067399,14.327422
14.329888,-0.067399,14.329888
14.332937,-0.067399,14.332937
14.336001,-0.067399,14.336001
14.338904,-0.067399,14.338904
14.341942,-0.067399,14.341942
14.344880,-0.061538,14.344880
14.348077,-0.061538,14.348077
14.350563,-0.067399,14.350563
14.353548,-0.061538,14.353548
14.356638,-0.061538,14.356638
14.359615,-0.061538,14.359615
14.362648,-0.067399,14.362648
14.365259,-0.061538,14.365259
14.368228,-0.067399,14.368228
14.371257,-0.061538,14.371257
14.374345,-0.067399,14.374345
14.377273,-0.061538,14.377273
14.379835,-0.067399,14.379835
14.382815,-0.061538,14.382815
14.385750,-0.061538,14.385750
14.388912,-0.061538,14.388912
14.391832,-0.061538,14.391832
14.394828,-0.061538,14.394828
14.397778,-0.067399,14.397778
14.400901,-0.067399,14.400901
14.403798,-0.067399,14.403798
14.406896,-0.061538,14.406896
14.415906,-0.067399,14.415906
14.418851,-0.067399,14.418851
14.421368,-0.067399,14.421368
14.424340,-0.067399,14.424340
14.429227,-0.061538,14.429227
14.432302,-0.061538,14.432302
14.437028,-0.067399,14.437028
14.439635,-0.067399,14.439635
14.442546,-0.067399,14.442546
14.445442,-0.067399,14.445442
14.448311,-0.061538,14.448311
14.450782,-0.067399,14.450782
14.453877,-0.067399,14.453877
14.457105,-0.067399,14.457105
14.459958,-0.067399,14.459958
14.462930,-0.067399,14.462930
14.465938,-0.067399,14.465938
14.469139,-0.067399,14.469139
14.471911,-0.061538,14.471911
14.474890,-0.061538,14.474890
14.477894,-0.067399,14.477894
14.480921,-0.067399,14.480921
14.483871,-0.061538,14.483871
14.486813,-0.067399,14.486813
14.490076,-0.061538,14.490076
14.492810,-0.067399,14.492810
14.495982,-0.067399,14.495982
14.498814,-0.067399,14.498814
14.501307,-0.067399,14.501307
14.504401,-0.067399,14.504401
14.507438,-0.067399,14.507438
14.515899,-0.061538,14.515899
14.518962,-0.067399,14.518962
14.521550,-0.067399,14.521550
14.524476,-0.061538,14.524476
14.527435,-0.061538,14.527435
14.530033,-0.061538,14.530033
14.533002,-0.067399,14.533002
14.536085,-0.067399,14.536085
14.539012,-0.067399,14.539012
14.541526,-0.067399,14.541526
14.544504,-0.061538,14.544504
14.547611,-0.061538,14.547611
14.550159,-0.067399,14.550159
14.554196,-0.067399,14.554196
14.559475,-0.067399,14.559475
14.562458,-0.067399,14.562458
14.565169,-0.067399,14.565169
14.568270,-0.061538,14.568270
14.571123,-0.067399,14.571123
14.574155,-0.067399,14.574155
14.577161,-0.067399,14.577161
14.580150,-0.073260,14.580150
14.583220,-0.067399,14.583220
14.586161,-0.067399,14.586161
14.589271,-0.067399,14.589271
14.591628,-0.067399,14.591628
14.594593,-0.067399,14.594593
14.597624,-0.067399,14.597624
14.600167,-0.067399,14.600167
14.603246,-0.067399,14.603246
14.606203,-0.067399,14.606203
14.609175,-0.067399,14.609175
14.617728,-0.067399,14.617728
14.620251,-0.067399,14.620251
14.623203,-0.067399,14.623203
14.625677,-0.067399,14.625677
14.629118,-0.061538,14.629118
14.631743,-0.061538,14.631743
14.634730,-0.061538,14.634730
14.637738,-0.067399,14.637738
14.640209,-0.061538,14.640209
14.643236,-0.061538,14.643236
14.646272,-0.067399,14.646272
14.649200,-0.061538,14.649200
14.652209,-0.061538,14.652209
14.655316,-0.067399,14.655316
14.658220,-0.067399,14.658220
14.660721,-0.061538,14.660721
14.663728,-0.061538,14.663728
14.666710,-0.067399,14.666710
14.669267,-0.067399,14.669267
14.672322,-0.067399,14.672322
14.675240,-0.061538,14.675240
14.678648,-0.061538,14.678648
14.683092,-0.061538,14.683092
14.686245,-0.061538,14.686245
14.688766,-0.061538,14.688766
14.691260,-0.055678,14.691260
14.694431,-0.061538,14.694431
14.697317,-0.061538,14.697317
14.699775,-0.061538,14.699775
14.702783,-0.067399,14.702783
14.705876,-0.061538,14.705876
14.708872,-0.061538,14.708872
14.711311,-0.061538,14.711311
14.719745,-0.061538,14.719745
14.722871,-0.061538,14.722871
14.725824,-0.061538,14.725824
14.728813,-0.061538,14.728813
14.731295,-0.067399,14.731295
14.734383,-0.067399,14.734383
14.737322,-0.067399,14.737322
14.739983,-0.067399,14.739983
14.742817,-0.067399,14.742817
14.745787,-0.067399,14.745787
14.749045,-0.067399,14.749045
14.751347,-0.061538,14.751347
14.754310,-0.061538,14.754310
14.757349,-0.061538,14.757349
14.759862,-0.061538,14.759862
14.762921,-0.061538,14.762921
14.765982,-0.061538,14.765982
14.768914,-0.067399,14.768914
14.771529,-0.067399,14.771529
14.774456,-0.067399,14.774456
14.777400,-0.067399,14.777400
14.779958,-0.061538,14.779958
14.782916,-0.061538,14.782916
14.785912,-0.061538,14.785912
14.789089,-0.067399,14.789089
14.794168,-0.067399,14.794168
14.796669,-0.067399,14.796669
14.799675,-0.067399,14.799675
14.802799,-0.061538,14.802799
14.805670,-0.061538,14.805670
14.808625,-0.067399,14.808625
14.811184,-0.061538,14.811184
14.814218,-0.061538,14.814218
14.823134,-0.061538,14.823134
14.825591,-0.061538,14.825591
14.828710,-0.061538,14.828710
14.831724,-0.061538,14.831724
14.834742,-0.061538,14.834742
14.837699,-0.061538,14.837699
14.840194,-0.061538,14.840194
14.843286,-0.061538,14.843286
14.846221,-0.061538,14.846221
14.849335,-0.067399,14.849335
14.852219,-0.067399,14.852219
14.855395,-0.061538,14.855395
14.858207,-0.067399,14.858207
14.861305,-0.067399,14.861305
14.864371,-0.061538,14.864371
14.867444,-0.067399,14.867444
14.870425,-0.061538,14.870425
14.873327,-0.061538,14.873327
14.876385,-0.061538,14.876385
14.879365,-0.067399,14.879365
14.882424,-0.067399,14.882424
14.885338,-0.061538,14.885338
14.888325,-0.067399,14.888325
14.891426,-0.067399,14.891426
14.894501,-0.067399,14.894501
14.898002,-0.067399,14.898002
14.903089,-0.067399,14.903089
14.905481,-0.061538,14.905481
14.908707,-0.067399,14.908707
14.910932,-0.061538,14.910932
14.913958,-0.061538,14.913958
14.916942,-0.061538,14.916942
14.925994,-0.067399,14.925994
14.929016,-0.067399,14.929016
14.931987,-0.067399,14.931987
14.935124,-0.061538,14.935124
14.938021,-0.061538,14.938021
14.940548,-0.061538,14.940548
14.943564,-0.061538,14.943564
14.946598,-0.061538,14.946598
14.949645,-0.061538,14.949645
14.952603,-0.061538,14.952603
14.955633,-0.061538,14.955633
14.958699,-0.061538,14.958699
14.961330,-0.061538,14.961330
14.964243,-0.061538,14.964243
14.967263,-0.067399,14.967263
14.970270,-0.067399,14.970270
14.973338,-0.067399,14.973338
14.976345,-0.067399,14.976345
14.979266,-0.061538,14.979266
14.982236,-0.061538,14.982236
14.985249,-0.061538,14.985249
14.988596,-0.061538,14.988596
14.991494,-0.067399,14.991494
14.994173,-0.061538,14.994173
14.997100,-0.061538,14.997100
14.999714,-0.061538,14.999714
15.002821,-0.067399,15.002821
15.005744,-0.061538,15.005744
15.008705,-0.067399,15.008705
15.011336,-0.061538,15.011336
15.014412,-0.061538,15.014412
15.017415,-0.067399,15.017415
15.026123,-0.067399,15.026123
15.029329,-0.067399,15.029329
15.031763,-0.067399,15.031763
15.034850,-0.067399,15.034850
15.037732,-0.067399,15.037732
15.040233,-0.061538,15.040233
15.043285,-0.061538,15.043285
15.046268,-0.061538,15.046268
15.049247,-0.061538,15.049247
15.052245,-0.067399,15.052245
15.055310,-0.067399,15.055310
15.058230,-0.067399,15.058230
15.060751,-0.061538,15.060751
15.063765,-0.061538,15.063765
15.066821,-0.067399,15.066821
15.069847,-0.067399,15.069847
15.072763,-0.067399,15.072763
15.075729,-0.067399,15.075729
15.078707,-0.061538,15.078707
15.081970,-0.067399,15.081970
15.084772,-0.067399,15.084772
15.087763,-0.067399,15.087763
15.090260,-0.067399,15.090260
15.093269,-0.067399,15.093269
15.096442,-0.067399,15.096442
15.099260,-0.067399,15.099260
15.102227,-0.067399,15.102227
15.105284,-0.067399,15.105284
15.108494,-0.067399,15.108494
15.110833,-0.061538,15.110833
15.113808,-0.067399,15.113808
15.116783,-0.067399,15.116783
15.119783,-0.061538,15.119783
15.128305,-0.067399,15.128305
15.130822,-0.061538,15.130822
15.133893,-0.061538,15.133893
15.136881,-0.061538,15.136881
15.139862,-0.061538,15.139862
15.144124,-0.061538,15.144124
15.151373,-0.067399,15.151373
15.153823,-0.067399,15.153823
15.156863,-0.067399,15.156863
15.159874,-0.067399,15.159874
15.162880,-0.061538,15.162880
15.165827,-0.067399,15.165827
15.168836,-0.067399,15.168836
15.171849,-0.061538,15.171849
15.175069,-0.067399,15.175069
15.177832,-0.067399,15.177832
15.180410,-0.067399,15.180410
15.183372,-0.061538,15.183372
15.186337,-0.067399,15.186337
15.189424,-0.061538,15.189424
15.192418,-0.061538,15.192418
15.195366,-0.061538,15.195366
15.198369,-0.067399,15.198369
15.201600,-0.067399,15.201600
15.204577,-0.061538,15.204577
15.207587,-0.067399,15.207587
15.210579,-0.067399,15.210579
15.213577,-0.067399,15.213577
15.216590,-0.067399,15.216590
15.219592,-0.067399,15.219592
15.222587,-0.067399,15.222587
15.231076,-0.067399,15.231076
15.234077,-0.067399,15.234077
15.237198,-0.061538,15.237198
15.240105,-0.061538,15.240105
15.243159,-0.061538,15.243159
15.246077,-0.061538,15.246077
15.249096,-0.061538,15.249096
15.251543,-0.061538,15.251543
15.254706,-0.067399,15.254706
15.257572,-0.067399,15.257572
15.260196,-0.067399,15.260196
15.263197,-0.067399,15.263197
15.266093,-0.061538,15.266093
15.270509,-0.061538,15.270509
15.275438,-0.061538,15.275438
15.278153,-0.067399,15.278153
15.281212,-0.067399,15.281212
15.284211,-0.067399,15.284211
15.287213,-0.067399,15.287213
15.290105,-0.067399,15.290105
15.293193,-0.061538,15.293193
15.296212,-0.061538,15.296212
15.299245,-0.061538,15.299245
15.301688,-0.061538,15.301688
15.304731,-0.067399,15.304731
15.307789,-0.067399,15.307789
15.310344,-0.067399,15.310344
15.313223,-0.067399,15.313223
15.316225,-0.067399,15.316225
15.319234,-0.067399,15.319234
15.322251,-0.061538,15.322251
15.325234,-0.061538,15.325234
15.333850,-0.067399,15.333850
15.336816,-0.067399,15.336816
15.339763,-0.067399,15.339763
15.342748,-0.067399,15.342748
15.345246,-0.061538,15.345246
15.347701,-0.067399,15.347701
15.350580,-0.061538,15.350580
15.353252,-0.061538,15.353252
15.356191,-0.061538,15.356191
15.359192,-0.067399,15.359192
15.361887,-0.067399,15.361887
15.364697,-0.061538,15.364697
15.367124,-0.067399,15.367124
15.370103,-0.067399,15.370103
15.373189,-0.067399,15.373189
15.376409,-0.067399,15.376409
15.379201,-0.067399,15.379201
15.381611,-0.061538,15.381611
15.384619,-0.061538,15.384619
15.387829,-0.067399,15.387829
15.390333,-0.061538,15.390333
15.393865,-0.061538,15.393865
15.399238,-0.061538,15.399238
15.402040,-0.067399,15.402040
15.404758,-0.067399,15.404758
15.407870,-0.061538,15.407870
15.410324,-0.067399,15.410324
15.413286,-0.067399,15.413286
15.416268,-0.067399,15.416268
15.419284,-0.061538,15.419284
15.422388,-0.061538,15.422388
15.425239,-0.061538,15.425239
15.433742,-0.055678,15.433742
15.436797,-0.061538,15.436797
15.439778,-0.061538,15.439778
15.442826,-0.061538,15.442826
15.445795,-0.067399,15.445795
15.448817,-0.067399,15.448817
15.451293,-0.061538,15.451293
15.454678,-0.061538,15.454678
15.457456,-0.067399,15.457456
15.460378,-0.061538,15.460378
15.463305,-0.067399,15.463305
15.465758,-0.061538,15.465758
15.469162,-0.061538,15.469162
15.472397,-0.067399,15.472397
15.475321,-0.067399,15.475321
15.478343,-0.067399,15.478343
15.481482,-0.061538,15.481482
15.484493,-0.061538,15.484493
15.487425,-0.061538,15.487425
15.490178,-0.067399,15.490178
15.493156,-0.067399,15.493156
15.496152,-0.067399,15.496152
15.499107,-0.067399,15.499107
15.501724,-0.067399,15.501724
15.504721,-0.067399,15.504721
15.507777,-0.061538,15.507777
15.510694,-0.061538,15.510694
15.513666,-0.061538,15.513666
15.517930,-0.067399,15.517930
15.523515,-0.067399,15.523515
15.526561,-0.067399,15.526561
15.535106,-0.061538,15.535106
15.538055,-0.067399,15.538055
15.541037,-0.067399,15.541037
15.544027,-0.067399,15.544027
15.547247,-0.061538,15.547247
15.550116,-0.061538,15.550116
15.553050,-0.061538,15.553050
15.556005,-0.067399,15.556005
15.559018,-0.067399,15.559018
15.561603,-0.067399,15.561603
15.564554,-0.067399,15.564554
15.567550,-0.067399,15.567550
15.570165,-0.067399,15.570165
15.573120,-0.061538,15.573120
15.576216,-0.067399,15.576216
15.579259,-0.067399,15.579259
15.581632,-0.067399,15.581632
15.584592,-0.067399,15.584592
15.587715,-0.067399,15.587715
15.590200,-0.067399,15.590200
15.593185,-0.067399,15.593185
15.596188,-0.067399,15.596188
15.599190,-0.067399,15.599190
15.601806,-0.061538,15.601806
15.604678,-0.067399,15.604678
15.607704,-0.067399,15.607704
15.610379,-0.067399,15.610379
15.613397,-0.067399,15.613397
15.616458,-0.067399,15.616458
15.619372,-0.067399,15.619372
15.622367,-0.061538,15.622367
15.625515,-0.061538,15.625515
15.628200,-0.061538,15.628200
15.639908,-0.061538,15.639908
15.642836,-0.061538,15.642836
15.645617,-0.061538,15.645617
15.648647,-0.067399,15.648647
15.651132,-0.061538,15.651132
15.654310,-0.061538,15.654310
15.657257,-0.061538,15.657257
15.660145,-0.061538,15.660145
15.663101,-0.061538,15.663101
15.666021,-0.061538,15.666021
15.669135,-0.061538,15.669135
15.671670,-0.061538,15.671670
15.674602,-0.067399,15.674602
15.677543,-0.061538,15.677543
15.680116,-0.061538,15.680116
15.683224,-0.067399,15.683224
15.686107,-0.067399,15.686107
15.689150,-0.061538,15.689150
15.691637,-0.061538,15.691637
15.694741,-0.067399,15.694741
15.697636,-0.067399,15.697636
15.700200,-0.067399,15.700200
15.703278,-0.061538,15.703278
15.706244,-0.067399,15.706244
15.709286,-0.067399,15.709286
15.711687,-0.061538,15.711687
15.714706,-0.067399,15.714706
15.717682,-0.067399,15.717682
15.720252,-0.067399,15.720252
15.723019,-0.061538,15.723019
15.725933,-0.067399,15.725933
15.728343,-0.067399,15.728343
15.736938,-0.067399,15.736938
15.739936,-0.067399,15.739936
15.742898,-0.067399,15.742898
15.745851,-0.067399,15.745851
15.749101,-0.067399,15.749101
15.752061,-0.067399,15.752061
15.758984,-0.067399,15.758984
15.762166,-0.067399,15.762166
15.765743,-0.061538,15.765743
15.768514,-0.067399,15.768514
15.770982,-0.061538,15.770982
15.774076,-0.067399,15.774076
15.776968,-0.067399,15.776968
15.779927,-0.067399,15.779927
15.783003,-0.067399,15.783003
15.785922,-0.067399,15.785922
15.789309,-0.061538,15.789309
15.791933,-0.061538,15.791933
15.794929,-0.061538,15.794929
15.798013,-0.061538,15.798013
15.801093,-0.061538,15.801093
15.803956,-0.061538,15.803956
15.806930,-0.067399,15.806930
15.809927,-0.067399,15.809927
15.813015,-0.061538,15.813015
15.815937,-0.061538,15.815937
15.818950,-0.061538,15.818950
15.821397,-0.067399,15.821397
15.824467,-0.061538,15.824467
15.827602,-0.061538,15.827602
15.830612,-0.067399,15.830612
15.841501,-0.067399,15.841501
15.844508,-0.067399,15.844508
15.847433,-0.061538,15.847433
15.850020,-0.061538,15.850020
15.852980,-0.067399,15.852980
15.856041,-0.067399,15.856041
15.859108,-0.067399,15.859108
15.861583,-0.067399,15.861583
15.864475,-0.067399,15.864475
15.867539,-0.067399,15.867539
15.870102,-0.067399,15.870102
15.873063,-0.067399,15.873063
15.876421,-0.067399,15.876421
15.879147,-0.067399,15.879147
15.885132,-0.067399,15.885132
15.887606,-0.061538,15.887606
15.890223,-0.061538,15.890223
15.893239,-0.067399,15.893239
15.896224,-0.067399,15.896224
15.899234,-0.067399,15.899234
15.901623,-0.061538,15.901623
15.904668,-0.061538,15.904668
15.907857,-0.067399,15.907857
15.910364,-0.067399,15.910364
15.913377,-0.067399,15.913377
15.915756,-0.067399,15.915756
15.918700,-0.067399,15.918700
15.921519,-0.061538,15.921519
15.924385,-0.067399,15.924385
15.927315,-0.067399,15.927315
15.930353,-0.067399,15.930353
15.933323,-0.061538,15.933323
15.941779,-0.061538,15.941779
15.944773,-0.067399,15.944773
15.947872,-0.061538,15.947872
15.950336,-0.061538,15.950336
15.953439,-0.061538,15.953439
15.956349,-0.061538,15.956349
15.959296,-0.061538,15.959296
15.962633,-0.061538,15.962633
15.965315,-0.067399,15.965315
15.968390,-0.061538,15.968390
15.970859,-0.061538,15.970859
15.973914,-0.067399,15.973914
15.976883,-0.067399,15.976883
15.979848,-0.067399,15.979848
15.982885,-0.067399,15.982885
15.986023,-0.067399,15.986023
15.989054,-0.067399,15.989054
15.991884,-0.067399,15.991884
15.994415,-0.067399,15.994415
15.997390,-0.061538,15.997390
16.002434,-0.061538,16.002434
16.010364,-0.061538,16.010364
16.013382,-0.061538,16.013382
16.016513,-0.061538,16.016513
16.019394,-0.067399,16.019394
16.022410,-0.061538,16.022410
16.025406,-0.067399,16.025406
16.028643,-0.067399,16.028643
16.031372,-0.067399,16.031372
16.034374,-0.061538,16.034374
16.043385,-0.067399,16.043385
16.046513,-0.061538,16.046513
16.049398,-0.061538,16.049398
16.052433,-0.061538,16.052433
16.055441,-0.061538,16.055441
16.058418,-0.067399,16.058418
16.061038,-0.061538,16.061038
16.063917,-0.061538,16.063917
16.066913,-0.061538,16.066913
16.069966,-0.061538,16.069966
16.072891,-0.067399,16.072891
16.075941,-0.067399,16.075941
16.078928,-0.067399,16.078928
16.081459,-0.061538,16.081459
16.084423,-0.067399,16.084423
16.087442,-0.067399,16.087442
16.090434,-0.067399,16.090434
16.093497,-0.067399,16.093497
16.096477,-0.067399,16.096477
16.099457,-0.061538,16.099457
16.102437,-0.067399,16.102437
16.105469,-0.061538,16.105469
16.108829,-0.067399,16.108829
16.111491,-0.067399,16.111491
16.114470,-0.061538,16.114470
16.117464,-0.067399,16.117464
16.120550,-0.067399,16.120550
16.123484,-0.067399,16.123484
16.126894,-0.061538,16.126894
16.133480,-0.061538,16.133480
16.136038,-0.067399,16.136038
16.144483,-0.061538,16.144483
16.147657,-0.061538,16.147657
16.150123,-0.061538,16.150123
16.153076,-0.067399,16.153076
16.156287,-0.061538,16.156287
16.159178,-0.061538,16.159178
16.161679,-0.067399,16.161679
16.164605,-0.067399,16.164605
16.167569,-0.061538,16.167569
16.170151,-0.067399,16.170151
16.173396,-0.067399,16.173396
16.176435,-0.061538,16.176435
16.179266,-0.061538,16.179266
16.181749,-0.061538,16.181749
16.184760,-0.061538,16.184760
16.187953,-0.067399,16.187953
16.190457,-0.067399,16.190457
16.193397,-0.067399,16.193397
16.196493,-0.061538,16.196493
16.199370,-0.061538,16.199370
16.201926,-0.061538,16.201926
16.205093,-0.067399,16.205093
16.207952,-0.067399,16.207952
16.210343,-0.061538,16.210343
16.213345,-0.061538,16.213345
16.216390,-0.067399,16.216390
16.219370,-0.061538,16.219370
16.222286,-0.067399,16.222286
16.225310,-0.067399,16.225310
16.228470,-0.067399,16.228470
16.230811,-0.061538,16.230811
16.233825,-0.061538,16.233825
16.236824,-0.067399,16.236824
16.245827,-0.067399,16.245827
16.250496,-0.067399,16.250496
16.257148,-0.067399,16.257148
16.259823,-0.067399,16.259823
16.263090,-0.067399,16.263090
16.265850,-0.067399,16.265850
16.269074,-0.067399,16.269074
16.271332,-0.067399,16.271332
16.274339,-0.067399,16.274339
16.277319,-0.067399,16.277319
16.280467,-0.067399,16.280467
16.283391,-0.061538,16.283391
16.286334,-0.061538,16.286334
16.289347,-0.061538,16.289347
16.292340,-0.067399,16.292340
16.295568,-0.067399,16.295568
16.298330,-0.067399,16.298330
16.301359,-0.067399,16.301359
16.304339,-0.067399,16.304339
16.307404,-0.067399,16.307404
16.310625,-0.067399,16.310625
16.313405,-0.067399,16.313405
16.316386,-0.067399,16.316386
16.319398,-0.067399,16.319398
16.322500,-0.067399,16.322500
16.325371,-0.067399,16.325371
16.328485,-0.067399,16.328485
16.330745,-0.061538,16.330745
16.333812,-0.061538,16.333812
16.336801,-0.061538,16.336801
16.339764,-0.067399,16.339764
16.348944,-0.067399,16.348944
16.351790,-0.067399,16.351790
16.354775,-0.067399,16.354775
16.358262,-0.067399,16.358262
16.361383,-0.067399,16.361383
16.364155,-0.067399,16.364155
16.367119,-0.067399,16.367119
16.369643,-0.067399,16.369643
16.372666,-0.067399,16.372666
16.376317,-0.067399,16.376317
16.381839,-0.067399,16.381839
16.384699,-0.067399,16.384699
16.387822,-0.067399,16.387822
16.390545,-0.061538,16.390545
16.393336,-0.061538,16.393336
16.396246,-0.061538,16.396246
16.399232,-0.061538,16.399232
16.402394,-0.061538,16.402394
16.405148,-0.061538,16.405148
16.407962,-0.061538,16.407962
16.410499,-0.061538,16.410499
16.413499,-0.061538,16.413499
16.416547,-0.067399,16.416547
16.419514,-0.061538,16.419514
16.422482,-0.061538,16.422482
16.425554,-0.067399,16.425554
16.428690,-0.067399,16.428690
16.431778,-0.067399,16.431778
16.434760,-0.067399,16.434760
16.437813,-0.067399,16.437813
16.440343,-0.067399,16.440343
16.449278,-0.067399,16.449278
16.452315,-0.067399,16.452315
16.455453,-0.061538,16.455453
16.458319,-0.061538,16.458319
16.461298,-0.061538,16.461298
16.464351,-0.061538,16.464351
16.467471,-0.061538,16.467471
16.470380,-0.061538,16.470380
16.473328,-0.061538,16.473328
16.476347,-0.061538,16.476347
16.479290,-0.061538,16.479290
16.482485,-0.067399,16.482485
16.485330,-0.067399,16.485330
16.488353,-0.067399,16.488353
16.490674,-0.067399,16.490674
16.493785,-0.061538,16.493785
16.496714,-0.067399,16.496714
16.499808,-0.067399,16.499808
16.505494,-0.067399,16.505494
16.509522,-0.067399,16.509522
16.511854,-0.067399,16.511854
16.514845,-0.061538,16.514845
16.517861,-0.061538,16.517861
16.520436,-0.061538,16.520436
16.523383,-0.061538,16.523383
16.526298,-0.055678,16.526298
16.529409,-0.061538,16.529409
16.532327,-0.061538,16.532327
16.535472,-0.067399,16.535472
16.538308,-0.067399,16.538308
16.540656,-0.067399,16.540656
16.549937,-0.067399,16.549937
16.552672,-0.067399,16.552672
16.555645,-0.067399,16.555645
16.558620,-0.067399,16.558620
16.561401,-0.061538,16.561401
16.564307,-0.061538,16.564307
16.567291,-0.061538,16.567291
16.570284,-0.061538,16.570284
16.573346,-0.067399,16.573346
16.576420,-0.067399,16.576420
16.579331,-0.067399,16.579331
16.582337,-0.067399,16.582337
16.585290,-0.067399,16.585290
16.588436,-0.067399,16.588436
16.591728,-0.061538,16.591728
16.594639,-0.067399,16.594639
16.597581,-0.067399,16.597581
16.600260,-0.067399,16.600260
16.603268,-0.061538,16.603268
16.606346,-0.067399,16.606346
16.609234,-0.067399,16.609234
16.612249,-0.061538,16.612249
16.615455,-0.067399,16.615455
16.618245,-0.067399,16.618245
16.620826,-0.061538,16.620826
16.624871,-0.061538,16.624871
16.630711,-0.067399,16.630711
16.633439,-0.067399,16.633439
16.636385,-0.061538,16.636385
16.639332,-0.067399,16.639332
16.642397,-0.067399,16.642397
16.650789,-0.061538,16.650789
16.653928,-0.061538,16.653928
16.656864,-0.061538,16.656864
16.659845,-0.061538,16.659845
16.662807,-0.067399,16.662807
16.665858,-0.067399,16.665858
16.669023,-0.061538,16.669023
16.671862,-0.061538,16.671862
16.674826,-0.061538,16.674826
16.677870,-0.067399,16.677870
16.680602,-0.067399,16.680602
16.683444,-0.061538,16.683444
16.686339,-0.061538,16.686339
16.689360,-0.061538,16.689360
16.692331,-0.061538,16.692331
16.695430,-0.067399,16.695430
16.698306,-0.061538,16.698306
16.701383,-0.061538,16.701383
16.704356,-0.061538,16.704356
16.707453,-0.061538,16.707453
16.710833,-0.061538,16.710833
16.713766,-0.061538,16.713766
16.716753,-0.061538,16.716753
16.719694,-0.061538,16.719694
16.722777,-0.067399,16.722777
16.725705,-0.067399,16.725705
16.728781,-0.067399,16.728781
16.731176,-0.067399,16.731176
16.734392,-0.061538,16.734392
16.737175,-0.061538,16.737175
16.740442,-0.067399,16.740442
16.743397,-0.061538,16.743397
16.749995,-0.061538,16.749995
16.756754,-0.067399,16.756754
16.760018,-0.067399,16.760018
16.763073,-0.067399,16.763073
16.766084,-0.067399,16.766084
16.768985,-0.061538,16.768985
16.771494,-0.067399,16.771494
16.774554,-0.067399,16.774554
16.777555,-0.067399,16.777555
16.780019,-0.067399,16.780019
16.782983,-0.067399,16.782983
16.786005,-0.067399,16.786005
16.789089,-0.061538,16.789089
16.791519,-0.067399,16.791519
16.794530,-0.061538,16.794530
16.797605,-0.061538,16.797605
16.800099,-0.067399,16.800099
16.803113,-0.061538,16.803113
16.806069,-0.067399,16.806069
16.809056,-0.067399,16.809056
16.811567,-0.061538,16.811567
16.814621,-0.067399,16.814621
16.817576,-0.067399,16.817576
16.820085,-0.061538,16.820085
16.823244,-0.061538,16.823244
16.826111,-0.067399,16.826111
16.829193,-0.061538,16.829193
16.831636,-0.067399,16.831636
16.834602,-0.067399,16.834602
16.837589,-0.061538,16.837589
16.840233,-0.061538,16.840233
16.843238,-0.067399,16.843238
16.846231,-0.067399,16.846231
16.855266,-0.067399,16.855266
16.858237,-0.061538,16.858237
16.860790,-0.061538,16.860790
16.863732,-0.067399,16.863732
16.866718,-0.067399,16.866718
16.871055,-0.067399,16.871055
16.876991,-0.067399,16.876991
16.879774,-0.067399,16.879774
16.882799,-0.067399,16.882799
16.885763,-0.061538,16.885763
16.888720,-0.061538,16.888720
16.891248,-0.061538,16.891248
16.894347,-0.061538,16.894347
16.897250,-0.067399,16.897250
16.900377,-0.067399,16.900377
16.903266,-0.061538,16.903266
16.906229,-0.067399,16.906229
16.909325,-0.067399,16.909325
16.911771,-0.061538,16.911771
16.914745,-0.061538,16.914745
16.917768,-0.067399,16.917768
16.920347,-0.067399,16.920347
16.923400,-0.061538,16.923400
16.926306,-0.061538,16.926306
16.929301,-0.061538,16.929301
16.932330,-0.061538,16.932330
16.935535,-0.061538,16.935535
16.938331,-0.061538,16.938331
16.941304,-0.061538,16.941304
16.944319,-0.067399,16.944319
16.947508,-0.067399,16.947508
16.955896,-0.061538,16.955896
16.958892,-0.061538,16.958892
16.961509,-0.061538,16.961509
16.964473,-0.061538,16.964473
16.967465,-0.067399,16.967465
16.969956,-0.067399,16.969956
16.972972,-0.067399,16.972972
16.975996,-0.067399,16.975996
16.978987,-0.061538,16.978987
16.981713,-0.061538,16.981713
16.984726,-0.061538,16.984726
16.987812,-0.067399,16.987812
16.990244,-0.067399,16.990244
16.994446,-0.067399,16.994446
17.000765,-0.067399,17.000765
17.003981,-0.067399,17.003981
17.006937,-0.061538,17.006937
17.009888,-0.067399,17.009888
17.012902,-0.067399,17.012902
17.016105,-0.061538,17.016105
17.018901,-0.067399,17.018901
17.021384,-0.061538,17.021384
17.024468,-0.061538,17.024468
17.027464,-0.061538,17.027464
17.029959,-0.061538,17.029959
17.032428,-0.061538,17.032428
17.035429,-0.067399,17.035429
17.038422,-0.067399,17.038422
17.041042,-0.067399,17.041042
17.043978,-0.067399,17.043978
17.047037,-0.067399,17.047037
17.049986,-0.067399,17.049986
17.059039,-0.067399,17.059039
17.061514,-0.067399,17.061514
17.064480,-0.067399,17.064480
17.067563,-0.067399,17.067563
17.070079,-0.061538,17.070079
17.073042,-0.067399,17.073042
17.076043,-0.067399,17.076043
17.079043,-0.067399,17.079043
17.081672,-0.067399,17.081672
17.084591,-0.061538,17.084591
17.087680,-0.061538,17.087680
17.090578,-0.061538,17.090578
17.093578,-0.061538,17.093578
17.096623,-0.061538,17.096623
17.099616,-0.061538,17.099616
17.102559,-0.061538,17.102559
17.105924,-0.061538,17.105924
17.112290,-0.061538,17.112290
17.114766,-0.067399,17.114766
17.117624,-0.067399,17.117624
17.120667,-0.061538,17.120667
17.123504,-0.067399,17.123504
17.126076,-0.061538,17.126076
17.129063,-0.061538,17.129063
17.131390,-0.067399,17.131390
17.134543,-0.067399,17.134543
17.137563,-0.067399,17.137563
17.139984,-0.067399,17.139984
17.143017,-0.067399,17.143017
17.146027,-0.067399,17.146027
17.149082,-0.067399,17.149082
17.151648,-0.061538,17.151648
17.159610,-0.061538,17.159610
17.162731,-0.061538,17.162731
17.165021,-0.067399,17.165021
17.168098,-0.067399,17.168098
17.170595,-0.067399,17.170595
17.173574,-0.061538,17.173574
17.176938,-0.061538,17.176938
17.179628,-0.061538,17.179628
17.182711,-0.061538,17.182711
17.185116,-0.067399,17.185116
17.188366,-0.061538,17.188366
17.190661,-0.061538,17.190661
17.193673,-0.067399,17.193673
17.196291,-0.067399,17.196291
17.199313,-0.067399,17.199313
17.202314,-0.061538,17.202314
17.205324,-0.067399,17.205324
17.208400,-0.067399,17.208400
17.210824,-0.067399,17.210824
17.213881,-0.067399,17.213881
17.216849,-0.067399,17.216849
17.219804,-0.067399,17.219804
17.222837,-0.061538,17.222837
17.225781,-0.067399,17.225781
17.231120,-0.067399,17.231120
17.237796,-0.067399,17.237796
17.241453,-0.067399,17.241453
17.244719,-0.067399,17.244719
17.247546,-0.067399,17.247546
17.250014,-0.067399,17.250014
17.253017,-0.067399,17.253017
17.261509,-0.067399,17.261509
17.264500,-0.061538,17.264500
17.267597,-0.061538,17.267597
17.271109,-0.061538,17.271109
17.273542,-0.061538,17.273542
17.276579,-0.067399,17.276579
17.279529,-0.061538,17.279529
17.282603,-0.061538,17.282603
17.285505,-0.067399,17.285505
17.288544,-0.067399,17.288544
17.291553,-0.067399,17.291553
17.294653,-0.067399,17.294653
17.297590,-0.067399,17.297590
17.300109,-0.067399,17.300109
17.303155,-0.061538,17.303155
17.306298,-0.067399,17.306298
17.309289,-0.067399,17.309289
17.311648,-0.061538,17.311648
17.314651,-0.061538,17.314651
17.317605,-0.061538,17.317605
17.320275,-0.061538,17.320275
17.323315,-0.061538,17.323315
17.326269,-0.061538,17.326269
17.329351,-0.067399,17.329351
17.332258,-0.061538,17.332258
17.335440,-0.067399,17.335440
17.338304,-0.061538,17.338304
17.341274,-0.067399,17.341274
17.344275,-0.061538,17.344275
17.347306,-0.061538,17.347306
17.350463,-0.067399,17.350463
17.354008,-0.067399,17.354008
17.365849,-0.067399,17.365849
17.368477,-0.061538,17.368477
17.370990,-0.061538,17.370990
17.374029,-0.067399,17.374029
17.377022,-0.067399,17.377022
17.379941,-0.067399,17.379941
17.383358,-0.061538,17.383358
17.385952,-0.067399,17.385952
17.389080,-0.067399,17.389080
17.391639,-0.061538,17.391639
17.394634,-0.067399,17.394634
17.397596,-0.061538,17.397596
17.400632,-0.061538,17.400632
17.403410,-0.067399,17.403410
17.406375,-0.067399,17.406375
17.409339,-0.061538,17.409339
17.412379,-0.067399,17.412379
17.415475,-0.067399,17.415475
17.418375,-0.061538,17.418375
17.420701,-0.061538,17.420701
17.423686,-0.061538,17.423686
17.426666,-0.061538,17.426666
17.429792,-0.061538,17.429792
17.432736,-0.061538,17.432736
17.435709,-0.067399,17.435709
17.438754,-0.061538,17.438754
17.441436,-0.067399,17.441436
17.444398,-0.061538,17.444398
17.447317,-0.061538,17.447317
17.450648,-0.061538,17.450648
17.453235,-0.061538,17.453235
17.456294,-0.061538,17.456294
17.464741,-0.061538,17.464741
17.467907,-0.067399,17.467907
17.470581,-0.061538,17.470581
17.473518,-0.061538,17.473518
17.477222,-0.067399,17.477222
17.483156,-0.061538,17.483156
17.485898,-0.061538,17.485898
17.488533,-0.061538,17.488533
17.491800,-0.061538,17.491800
17.494809,-0.061538,17.494809
17.497695,-0.067399,17.497695
17.500278,-0.067399,17.500278
17.503277,-0.067399,17.503277
17.506296,-0.067399,17.506296
17.509303,-0.067399,17.509303
17.511712,-0.067399,17.511712
17.514740,-0.067399,17.514740
17.517832,-0.067399,17.517832
17.520826,-0.067399,17.520826
17.523823,-0.067399,17.523823
17.526783,-0.067399,17.526783
17.529764,-0.061538,17.529764
17.532418,-0.067399,17.532418
17.535553,-0.067399,17.535553
17.538457,-0.067399,17.538457
17.541381,-0.067399,17.541381
17.544369,-0.061538,17.544369
17.547594,-0.067399,17.547594
17.550496,-0.067399,17.550496
17.553461,-0.067399,17.553461
17.556347,-0.067399,17.556347
17.565359,-0.067399,17.565359
17.568371,-0.061538,17.568371
17.571468,-0.061538,17.571468
17.574561,-0.061538,17.574561
17.577373,-0.061538,17.577373
17.579907,-0.061538,17.579907
17.582914,-0.067399,17.582914
17.587356,-0.067399,17.587356
17.593983,-0.067399,17.593983
17.596928,-0.061538,17.596928
17.599906,-0.067399,17.599906
17.602944,-0.067399,17.602944
17.605889,-0.067399,17.605889
17.608885,-0.067399,17.608885
17.611588,-0.061538,17.611588
17.614643,-0.067399,17.614643
17.617562,-0.067399,17.617562
17.620551,-0.067399,17.620551
17.623496,-0.067399,17.623496
17.626531,-0.067399,17.626531
17.629596,-0.067399,17.629596
17.632616,-0.067399,17.632616
17.635498,-0.067399,17.635498
17.638498,-0.067399,17.638498
17.640857,-0.067399,17.640857
17.643810,-0.067399,17.643810
17.646769,-0.067399,17.646769
17.649779,-0.067399,17.649779
17.652756,-0.061538,17.652756
17.655849,-0.067399,17.655849
17.658811,-0.067399,17.658811
17.667903,-0.067399,17.667903
17.670343,-0.067399,17.670343
17.673340,-0.067399,17.673340
17.676330,-0.067399,17.676330
17.679387,-0.073260,17.679387
17.681947,-0.073260,17.681947
17.684883,-0.067399,17.684883
17.687795,-0.061538,17.687795
17.690384,-0.067399,17.690384
17.693337,-0.067399,17.693337
17.696443,-0.067399,17.696443
17.699354,-0.067399,17.699354
17.702423,-0.067399,17.702423
17.705345,-0.061538,17.705345
17.708532,-0.061538,17.708532
17.712533,-0.061538,17.712533
17.718883,-0.061538,17.718883
17.721911,-0.067399,17.721911
17.724405,-0.067399,17.724405
17.727429,-0.067399,17.727429
17.730412,-0.067399,17.730412
17.733411,-0.067399,17.733411
17.736717,-0.067399,17.736717
17.739419,-0.067399,17.739419
17.742416,-0.067399,17.742416
17.745393,-0.067399,17.745393
17.748606,-0.067399,17.748606
17.751057,-0.067399,17.751057
17.753946,-0.067399,17.753946
17.756954,-0.067399,17.756954
17.759867,-0.061538,17.759867
17.768907,-0.061538,17.768907
17.771494,-0.061538,17.771494
17.774585,-0.067399,17.774585
17.777455,-0.061538,17.777455
17.780493,-0.061538,17.780493
17.783485,-0.061538,17.783485
17.786466,-0.061538,17.786466
17.789540,-0.061538,17.789540
17.792421,-0.061538,17.792421
17.795426,-0.067399,17.795426
17.798429,-0.067399,17.798429
17.801075,-0.061538,17.801075
17.804093,-0.061538,17.804093
17.806972,-0.061538,17.806972
17.809908,-0.067399,17.809908
17.812980,-0.061538,17.812980
17.816072,-0.061538,17.816072
17.819063,-0.067399,17.819063
17.821448,-0.067399,17.821448
17.824475,-0.067399,17.824475
17.827524,-0.067399,17.827524
17.830544,-0.067399,17.830544
17.833632,-0.061538,17.833632
17.836632,-0.067399,17.836632
17.845250,-0.067399,17.845250
17.848485,-0.067399,17.848485
17.851067,-0.067399,17.851067
17.854060,-0.067399,17.854060
17.857066,-0.067399,17.857066
17.859958,-0.061538,17.859958
17.869127,-0.067399,17.869127
17.872089,-0.061538,17.872089
17.875021,-0.067399,17.875021
17.877970,-0.067399,17.877970
17.880535,-0.061538,17.880535
17.883649,-0.061538,17.883649
17.886527,-0.067399,17.886527
17.889532,-0.067399,17.889532
17.892621,-0.067399,17.892621
17.895705,-0.067399,17.895705
17.898562,-0.067399,17.898562
17.901546,-0.067399,17.901546
17.904559,-0.067399,17.904559
17.907603,-0.061538,17.907603
17.910638,-0.061538,17.910638
17.913663,-0.067399,17.913663
17.916598,-0.067399,17.916598
17.919584,-0.067399,17.919584
17.922895,-0.067399,17.922895
17.925650,-0.067399,17.925650
17.928604,-0.067399,17.928604
17.931586,-0.067399,17.931586
17.934692,-0.067399,17.934692
17.937583,-0.067399,17.937583
17.940116,-0.061538,17.940116
17.943107,-0.067399,17.943107
17.946158,-0.067399,17.946158
17.949306,-0.067399,17.949306
17.952120,-0.061538,17.952120
17.955125,-0.061538,17.955125
17.958137,-0.061538,17.958137
17.963569,-0.061538,17.963569
17.975241,-0.061538,17.975241
17.978199,-0.061538,17.978199
17.981164,-0.067399,17.981164
17.984077,-0.067399,17.984077
17.987171,-0.061538,17.987171
17.990225,-0.061538,17.990225
17.993250,-0.067399,17.993250
17.996163,-0.067399,17.996163
17.999155,-0.067399,17.999155
18.001686,-0.061538,18.001686
18.004668,-0.061538,18.004668
18.007722,-0.067399,18.007722
18.010192,-0.061538,18.010192
18.013242,-0.061538,18.013242
18.016308,-0.061538,18.016308
18.019304,-0.067399,18.019304
18.021681,-0.067399,18.021681
18.024772,-0.061538,18.024772
18.027806,-0.061538,18.027806
18.030296,-0.061538,18.030296
18.033298,-0.067399,18.033298
18.036287,-0.067399,18.036287
18.039341,-0.067399,18.039341
18.041892,-0.067399,18.041892
18.044857,-0.061538,18.044857
18.047780,-0.067399,18.047780
18.050331,-0.067399,18.050331
18.053415,-0.067399,18.053415
18.056590,-0.067399,18.056590
18.059385,-0.061538,18.059385
18.062353,-0.061538,18.062353
18.065374,-0.061538,18.065374
18.073867,-0.061538,18.073867
18.076923,-0.061538,18.076923
18.079845,-0.061538,18.079845
18.082972,-0.061538,18.082972
18.087450,-0.061538,18.087450
18.094240,-0.061538,18.094240
18.097023,-0.061538,18.097023
18.099921,-0.061538,18.099921
18.102912,-0.067399,18.102912
18.105869,-0.061538,18.105869
18.109100,-0.067399,18.109100
18.111405,-0.067399,18.111405
18.114359,-0.061538,18.114359
18.117447,-0.067399,18.117447
18.120526,-0.061538,18.120526
18.123487,-0.061538,18.123487
18.125923,-0.067399,18.125923
18.128915,-0.067399,18.128915
18.131402,-0.061538,18.131402
18.134605,-0.067399,18.134605
18.137477,-0.061538,18.137477
18.140509,-0.067399,18.140509
18.143419,-0.067399,18.143419
18.146433,-0.067399,18.146433
18.149530,-0.067399,18.149530
18.152442,-0.061538,18.152442
18.155418,-0.067399,18.155418
18.158429,-0.061538,18.158429
18.161011,-0.067399,18.161011
18.164103,-0.061538,18.164103
18.166970,-0.061538,18.166970
18.176158,-0.061538,18.176158
18.179087,-0.067399,18.179087
18.181498,-0.067399,18.181498
18.184480,-0.067399,18.184480
18.187513,-0.067399,18.187513
18.190515,-0.067399,18.190515
18.193511,-0.067399,18.193511
18.196483,-0.067399,18.196483
18.199511,-0.067399,18.199511
18.202511,-0.067399,18.202511
18.205634,-0.067399,18.205634
18.208503,-0.067399,18.208503
18.212376,-0.067399,18.212376
18.218893,-0.067399,18.218893
18.221557,-0.067399,18.221557
18.224504,-0.067399,18.224504
18.227757,-0.061538,18.227757
18.230595,-0.067399,18.230595
18.233531,-0.061538,18.233531
18.236465,-0.067399,18.236465
18.239533,-0.067399,18.239533
18.242652,-0.061538,18.242652
18.245557,-0.061538,18.245557
18.248539,-0.061538,18.248539
18.251029,-0.061538,18.251029
18.254131,-0.067399,18.254131
18.256783,-0.067399,18.256783
18.259140,-0.061538,18.259140
18.261633,-0.061538,18.261633
18.264573,-0.067399,18.264573
18.267759,-0.067399,18.267759
18.276615,-0.067399,18.276615
18.279657,-0.067399,18.279657
18.282688,-0.067399,18.282688
18.285641,-0.067399,18.285641
18.288650,-0.067399,18.288650
18.291108,-0.061538,18.291108
18.294197,-0.061538,18.294197
18.297170,-0.061538,18.297170
18.300159,-0.061538,18.300159
18.303235,-0.061538,18.303235
18.306078,-0.061538,18.306078
18.309404,-0.067399,18.309404
18.312468,-0.067399,18.312468
18.315435,-0.061538,18.315435
18.318472,-0.067399,18.318472
18.321458,-0.061538,18.321458
18.324663,-0.061538,18.324663
18.327144,-0.067399,18.327144
18.330378,-0.067399,18.330378
18.334526,-0.073260,18.334526
18.341061,-0.073260,18.341061
18.344099,-0.067399,18.344099
18.347545,-0.067399,18.347545
18.350461,-0.067399,18.350461
18.353323,-0.067399,18.353323
18.356342,-0.061538,18.356342
18.359390,-0.067399,18.359390
18.361953,-0.061538,18.361953
18.364902,-0.061538,18.364902
18.367395,-0.067399,18.367395
18.370426,-0.067399,18.370426
18.379372,-0.061538,18.379372
18.382351,-0.067399,18.382351
18.385393,-0.067399,18.385393
18.388505,-0.061538,18.388505
18.390939,-0.067399,18.390939
18.394032,-0.067399,18.394032
18.396917,-0.067399,18.396917
18.399881,-0.061538,18.399881
18.403020,-0.061538,18.403020
18.405906,-0.067399,18.405906
18.408899,-0.067399,18.408899
18.411384,-0.067399,18.411384
18.414704,-0.067399,18.414704
18.417493,-0.067399,18.417493
18.420433,-0.067399,18.420433
18.423442,-0.067399,18.423442
18.426449,-0.067399,18.426449
18.429616,-0.061538,18.429616
18.432459,-0.061538,18.432459
18.434926,-0.061538,18.434926
18.437941,-0.067399,18.437941
18.440599,-0.067399,18.440599
18.443538,-0.067399,18.443538
18.446449,-0.061538,18.446449
18.449476,-0.061538,18.449476
18.452459,-0.061538,18.452459
18.455842,-0.061538,18.455842
18.458589,-0.067399,18.458589
18.465073,-0.067399,18.465073
18.468651,-0.067399,18.468651
18.471075,-0.067399,18.471075
18.479955,-0.067399,18.479955
18.483060,-0.067399,18.483060
18.486126,-0.067399,18.486126
18.489050,-0.067399,18.489050
18.491682,-0.067399,18.491682
18.494772,-0.067399,18.494772
18.497705,-0.067399,18.497705
18.500265,-0.067399,18.500265
18.503322,-0.067399,18.503322
18.506317,-0.067399,18.506317
18.509400,-0.061538,18.509400
18.512312,-0.067399,18.512312
18.515298,-0.067399,18.515298
18.518373,-0.067399,18.518373
18.520893,-0.067399,18.520893
18.523876,-0.067399,18.523876
18.526850,-0.067399,18.526850
18.529806,-0.067399,18.529806
18.532957,-0.061538,18.532957
18.535768,-0.061538,18.535768
18.538660,-0.061538,18.538660
18.541662,-0.067399,18.541662
18.544680,-0.067399,18.544680
18.547732,-0.067399,18.547732
18.550932,-0.061538,18.550932
18.553703,-0.061538,18.553703
18.556725,-0.067399,18.556725
18.559683,-0.061538,18.559683
18.562793,-0.067399,18.562793
18.565677,-0.067399,18.565677
18.568681,-0.067399,18.568681
18.571894,-0.061538,18.571894
18.582952,-0.067399,18.582952
18.590583,-0.067399,18.590583
18.593644,-0.061538,18.593644
18.596654,-0.061538,18.596654
18.599643,-0.061538,18.599643
18.602802,-0.061538,18.602802
18.605600,-0.067399,18.605600
18.608602,-0.067399,18.608602
18.611802,-0.067399,18.611802
18.614688,-0.061538,18.614688
18.617605,-0.061538,18.617605
18.620657,-0.067399,18.620657
18.623618,-0.067399,18.623618
18.626731,-0.061538,18.626731
18.629730,-0.061538,18.629730
18.632647,-0.061538,18.632647
18.635623,-0.061538,18.635623
18.638615,-0.061538,18.638615
18.642089,-0.067399,18.642089
18.644825,-0.067399,18.644825
18.647826,-0.067399,18.647826
18.650352,-0.061538,18.650352
18.653358,-0.061538,18.653358
18.656441,-0.061538,18.656441
18.659390,-0.061538,18.659390
18.662062,-0.061538,18.662062
18.665003,-0.061538,18.665003
18.668198,-0.061538,18.668198
18.671053,-0.067399,18.671053
18.674045,-0.061538,18.674045
18.683064,-0.061538,18.683064
18.686140,-0.061538,18.686140
18.689200,-0.061538,18.689200
18.691750,-0.061538,18.691750
18.694754,-0.061538,18.694754
18.697682,-0.061538,18.697682
18.700338,-0.061538,18.700338
18.703252,-0.061538,18.703252
18.706642,-0.061538,18.706642
18.713045,-0.061538,18.713045
18.716353,-0.061538,18.716353
18.719338,-0.067399,18.719338
18.722375,-0.067399,18.722375
18.725329,-0.067399,18.725329
18.728321,-0.067399,18.728321
18.731331,-0.067399,18.731331
18.734515,-0.061538,18.734515
18.737378,-0.067399,18.737378
18.740362,-0.061538,18.740362
18.743332,-0.061538,18.743332
18.746320,-0.061538,18.746320
18.749490,-0.061538,18.749490
18.751929,-0.067399,18.751929
18.754838,-0.067399,18.754838
18.757390,-0.061538,18.757390
18.760362,-0.067399,18.760362
18.763452,-0.067399,18.763452
18.766358,-0.067399,18.766358
18.769494,-0.067399,18.769494
18.772397,-0.067399,18.772397
18.775537,-0.067399,18.775537
18.783928,-0.067399,18.783928
18.786935,-0.067399,18.786935
18.789976,-0.067399,18.789976
18.792938,-0.061538,18.792938
18.795915,-0.067399,18.795915
18.798978,-0.067399,18.798978
18.801474,-0.067399,18.801474
18.804431,-0.067399,18.804431
18.807403,-0.067399,18.807403
18.810414,-0.061538,18.810414
18.813361,-0.067399,18.813361
18.817528,-0.067399,18.817528
18.823493,-0.067399,18.823493
18.826524,-0.067399,18.826524
18.829693,-0.067399,18.829693
18.832502,-0.067399,18.832502
18.835411,-0.061538,18.835411
18.838384,-0.061538,18.838384
18.841011,-0.061538,18.841011
18.843949,-0.067399,18.843949
18.846942,-0.061538,18.846942
18.849915,-0.067399,18.849915
18.852958,-0.067399,18.852958
18.855981,-0.067399,18.855981
18.858938,-0.067399,18.858938
18.861598,-0.067399,18.861598
18.864450,-0.067399,18.864450
18.867535,-0.067399,18.867535
18.870484,-0.067399,18.870484
18.873472,-0.067399,18.873472
18.876502,-0.061538,18.876502
18.885457,-0.067399,18.885457
18.888434,-0.061538,18.888434
18.891000,-0.061538,18.891000
18.894135,-0.061538,18.894135
18.897025,-0.061538,18.897025
18.899982,-0.067399,18.899982
18.902985,-0.067399,18.902985
18.905929,-0.067399,18.905929
18.909259,-0.067399,18.909259
18.911977,-0.067399,18.911977
18.914993,-0.067399,18.914993
18.917969,-0.067399,18.917969
18.920561,-0.061538,18.920561
18.923649,-0.067399,18.923649
18.926571,-0.067399,18.926571
18.929512,-0.067399,18.929512
18.932477,-0.067399,18.932477
18.935698,-0.067399,18.935698
18.938515,-0.061538,18.938515
18.942284,-0.067399,18.942284
18.949532,-0.067399,18.949532
18.952404,-0.061538,18.952404
18.955002,-0.067399,18.955002
18.958151,-0.061538,18.958151
18.960603,-0.061538,18.960603
18.963576,-0.067399,18.963576
18.966501,-0.061538,18.966501
18.969528,-0.061538,18.969528
18.972602,-0.067399,18.972602
18.975665,-0.061538,18.975665
18.978093,-0.067399,18.978093
18.986872,-0.067399,18.986872
18.989893,-0.061538,18.989893
18.992786,-0.061538,18.992786
18.995923,-0.061538,18.995923
18.998832,-0.061538,18.998832
19.001447,-0.067399,19.001447
19.004464,-0.067399,19.004464
19.007344,-0.067399,19.007344
19.010330,-0.067399,19.010330
19.013327,-0.061538,19.013327
19.016662,-0.061538,19.016662
19.019339,-0.061538,19.019339
19.021840,-0.067399,19.021840
19.024822,-0.061538,19.024822
19.027889,-0.067399,19.027889
19.030389,-0.067399,19.030389
19.033387,-0.067399,19.033387
19.035851,-0.061538,19.035851
19.038854,-0.067399,19.038854
19.041458,-0.061538,19.041458
19.044405,-0.061538,19.044405
19.047478,-0.061538,19.047478
19.050426,-0.061538,19.050426
19.053377,-0.061538,19.053377
19.056442,-0.061538,19.056442
19.059385,-0.061538,19.059385
19.062438,-0.067399,19.062438
19.065905,-0.067399,19.065905
19.073701,-0.067399,19.073701
19.076985,-0.067399,19.076985
19.079590,-0.067399,19.079590
19.088364,-0.067399,19.088364
19.090931,-0.067399,19.090931
19.093962,-0.067399,19.093962
19.097128,-0.067399,19.097128
19.099900,-0.067399,19.099900
19.102900,-0.067399,19.102900
19.105864,-0.067399,19.105864
19.109034,-0.067399,19.109034
19.111750,-0.061538,19.111750
19.114653,-0.061538,19.114653
19.117686,-0.061538,19.117686
19.120698,-0.067399,19.120698
19.123710,-0.067399,19.123710
19.126717,-0.067399,19.126717
19.129703,-0.067399,19.129703
19.132655,-0.067399,19.132655
19.135804,-0.061538,19.135804
19.138734,-0.061538,19.138734
19.141389,-0.067399,19.141389
19.144223,-0.067399,19.144223
19.147261,-0.067399,19.147261
19.150287,-0.067399,19.150287
19.153205,-0.067399,19.153205
19.156226,-0.067399,19.156226
19.159245,-0.067399,19.159245
19.161844,-0.061538,19.161844
19.164752,-0.061538,19.164752
19.167731,-0.061538,19.167731
19.170406,-0.061538,19.170406
19.173572,-0.061538,19.173572
19.176676,-0.061538,19.176676
19.179366,-0.061538,19.179366
19.181823,-0.061538,19.181823
19.191188,-0.061538,19.191188
19.204804,-0.061538,19.204804
19.208451,-0.067399,19.208451
19.210920,-0.061538,19.210920
19.214019,-0.061538,19.214019
19.216990,-0.061538,19.216990
19.220124,-0.061538,19.220124
19.222973,-0.061538,19.222973
19.225963,-0.061538,19.225963
19.229100,-0.061538,19.229100
19.231483,-0.067399,19.231483
19.234479,-0.061538,19.234479
19.237088,-0.061538,19.237088
19.239965,-0.061538,19.239965
19.243011,-0.061538,19.243011
19.245942,-0.067399,19.245942
19.248930,-0.061538,19.248930
19.251461,-0.061538,19.251461
19.254597,-0.061538,19.254597
19.256978,-0.061538,19.256978
19.260011,-0.061538,19.260011
19.262974,-0.061538,19.262974
19.265994,-0.067399,19.265994
19.269029,-0.067399,19.269029
19.271556,-0.067399,19.271556
19.274468,-0.061538,19.274468
19.277490,-0.061538,19.277490
19.280611,-0.061538,19.280611
19.283597,-0.061538,19.283597
19.292463,-0.061538,19.292463
19.295566,-0.061538,19.295566
19.298536,-0.067399,19.298536
19.301077,-0.067399,19.301077
19.304046,-0.061538,19.304046
19.307058,-0.061538,19.307058
19.310097,-0.067399,19.310097
19.314580,-0.061538,19.314580
19.321797,-0.061538,19.321797
19.325129,-0.067399,19.325129
19.328133,-0.061538,19.328133
19.330729,-0.061538,19.330729
19.333574,-0.067399,19.333574
19.336575,-0.067399,19.336575
19.339583,-0.067399,19.339583
19.342529,-0.067399,19.342529
19.345598,-0.061538,19.345598
19.348670,-0.061538,19.348670
19.351088,-0.061538,19.351088
19.354059,-0.061538,19.354059
19.357069,-0.061538,19.357069
19.360162,-0.061538,19.360162
19.363165,-0.067399,19.363165
19.365575,-0.061538,19.365575
19.368570,-0.067399,19.368570
19.371067,-0.061538,19.371067
19.374210,-0.061538,19.374210
19.377237,-0.061538,19.377237
19.380136,-0.061538,19.380136
19.383185,-0.061538,19.383185
19.386178,-0.067399,19.386178
19.394692,-0.067399,19.394692
19.397637,-0.067399,19.397637
19.400728,-0.067399,19.400728
19.403668,-0.067399,19.403668
19.406738,-0.067399,19.406738
19.409628,-0.067399,19.409628
19.412617,-0.067399,19.412617
19.415702,-0.067399,19.415702
19.418635,-0.067399,19.418635
19.421102,-0.067399,19.421102
19.424241,-0.067399,19.424241
19.427313,-0.061538,19.427313
19.430237,-0.061538,19.430237
19.433176,-0.061538,19.433176
19.435657,-0.067399,19.435657
19.439768,-0.067399,19.439768
19.447863,-0.067399,19.447863
19.451119,-0.067399,19.451119
19.453964,-0.067399,19.453964
19.456814,-0.067399,19.456814
19.459724,-0.067399,19.459724
19.462678,-0.061538,19.462678
19.465702,-0.067399,19.465702
19.468957,-0.061538,19.468957
19.471711,-0.061538,19.471711
19.474653,-0.061538,19.474653
19.477624,-0.061538,19.477624
19.480765,-0.067399,19.480765
19.483855,-0.061538,19.483855
19.486735,-0.061538,19.486735
19.495907,-0.067399,19.495907
19.498806,-0.067399,19.498806
19.501221,-0.067399,19.501221
19.504187,-0.067399,19.504187
19.507286,-0.061538,19.507286
19.510254,-0.067399,19.510254
19.513191,-0.061538,19.513191
19.516213,-0.061538,19.516213
19.519190,-0.067399,19.519190
19.521838,-0.061538,19.521838
19.524732,-0.061538,19.524732
19.527717,-0.067399,19.527717
19.530705,-0.061538,19.530705
19.533760,-0.061538,19.533760
19.536740,-0.061538,19.536740
19.539716,-0.061538,19.539716
19.542700,-0.061538,19.542700
19.545828,-0.067399,19.545828
19.548922,-0.067399,19.548922
19.551234,-0.067399,19.551234
19.554219,-0.067399,19.554219
19.557262,-0.067399,19.557262
19.560216,-0.067399,19.560216
19.563812,-0.067399,19.563812
19.570743,-0.067399,19.570743
19.573544,-0.067399,19.573544
19.576280,-0.067399,19.576280
19.579273,-0.067399,19.579273
19.581697,-0.067399,19.581697
19.584713,-0.067399,19.584713
19.587843,-0.067399,19.587843
19.596779,-0.067399,19.596779
19.599806,-0.061538,19.599806
19.602838,-0.061538,19.602838
19.605815,-0.061538,19.605815
19.608960,-0.067399,19.608960
19.611368,-0.061538,19.611368
19.614462,-0.061538,19.614462
19.617374,-0.067399,19.617374
19.620314,-0.061538,19.620314
19.623365,-0.061538,19.623365
19.626275,-0.061538,19.626275
19.629463,-0.061538,19.629463
19.631849,-0.067399,19.631849
19.634812,-0.067399,19.634812
19.637354,-0.067399,19.637354
19.640525,-0.061538,19.640525
19.643419,-0.061538,19.643419
19.646355,-0.067399,19.646355
19.649347,-0.067399,19.649347
19.651838,-0.067399,19.651838
19.654934,-0.061538,19.654934
19.657859,-0.061538,19.657859
19.660394,-0.061538,19.660394
19.663386,-0.067399,19.663386
19.666378,-0.067399,19.666378
19.669452,-0.067399,19.669452
19.672524,-0.067399,19.672524
19.675403,-0.061538,19.675403
19.678425,-0.067399,19.678425
19.680962,-0.067399,19.680962
19.683948,-0.067399,19.683948
19.689339,-0.067399,19.689339
19.703035,-0.067399,19.703035
19.705981,-0.061538,19.705981
19.709238,-0.061538,19.709238
19.711929,-0.061538,19.711929
19.714884,-0.067399,19.714884
19.717911,-0.067399,19.717911
19.720434,-0.061538,19.720434
19.723466,-0.067399,19.723466
19.726444,-0.061538,19.726444
19.729497,-0.061538,19.729497
19.732451,-0.061538,19.732451
19.735589,-0.061538,19.735589
19.737936,-0.067399,19.737936
19.740983,-0.067399,19.740983
19.743917,-0.061538,19.743917
19.746951,-0.061538,19.746951
19.750265,-0.061538,19.750265
19.752978,-0.067399,19.752978
19.755941,-0.061538,19.755941
19.758967,-0.061538,19.758967
19.761528,-0.061538,19.761528
19.764503,-0.067399,19.764503
19.767535,-0.067399,19.767535
19.770510,-0.061538,19.770510
19.773506,-0.061538,19.773506
19.776538,-0.067399,19.776538
19.779452,-0.061538,19.779452
19.782516,-0.061538,19.782516
19.785471,-0.067399,19.785471
19.788752,-0.067399,19.788752
19.791536,-0.067399,19.791536
19.800563,-0.061538,19.800563
19.803567,-0.067399,19.803567
19.806536,-0.067399,19.806536
19.809468,-0.067399,19.809468
19.812531,-0.067399,19.812531
19.816570,-0.067399,19.816570
19.823470,-0.067399,19.823470
19.826529,-0.067399,19.826529
19.829682,-0.067399,19.829682
19.832548,-0.067399,19.832548
19.835480,-0.067399,19.835480
19.838006,-0.067399,19.838006
19.841091,-0.067399,19.841091
19.844155,-0.067399,19.844155
19.847061,-0.067399,19.847061
19.850027,-0.067399,19.850027
19.853027,-0.067399,19.853027
19.856062,-0.061538,19.856062
19.858997,-0.067399,19.858997
19.862113,-0.067399,19.862113
19.865052,-0.061538,19.865052
19.868127,-0.061538,19.868127
19.871038,-0.061538,19.871038
19.874051,-0.061538,19.874051
19.877057,-0.067399,19.877057
19.880064,-0.067399,19.880064
19.883073,-0.067399,19.883073
19.886028,-0.067399,19.886028
19.889044,-0.061538,19.889044
19.892472,-0.061538,19.892472
19.902619,-0.061538,19.902619
19.905684,-0.061538,19.905684
19.909128,-0.061538,19.909128
19.911842,-0.067399,19.911842
19.914840,-0.061538,19.914840
19.917805,-0.061538,19.917805
19.920370,-0.061538,19.920370
19.923673,-0.061538,19.923673
19.926418,-0.061538,19.926418
19.929384,-0.067399,19.929384
19.932037,-0.061538,19.932037
19.935128,-0.061538,19.935128
19.938017,-0.067399,19.938017
19.941438,-0.067399,19.941438
19.950008,-0.067399,19.950008
19.953001,-0.061538,19.953001
19.955673,-0.061538,19.955673
19.958595,-0.067399,19.958595
19.961116,-0.067399,19.961116
19.964142,-0.067399,19.964142
19.967091,-0.067399,19.967091
19.970171,-0.061538,19.970171
19.973116,-0.061538,19.973116
19.976266,-0.061538,19.976266
19.979086,-0.067399,19.979086
19.981615,-0.067399,19.981615
19.984593,-0.067399,19.984593
19.987896,-0.067399,19.987896
19.990655,-0.067399,19.990655
19.993600,-0.061538,19.993600
20.002639,-0.061538,20.002639
20.005645,-0.067399,20.005645
20.008581,-0.067399,20.008581
20.011119,-0.067399,20.011119
20.014213,-0.067399,20.014213
20.017311,-0.067399,20.017311
20.020196,-0.061538,20.020196
20.023159,-0.067399,20.023159
20.026103,-0.067399,20.026103
20.029222,-0.067399,20.029222
20.031624,-0.067399,20.031624
20.034654,-0.061538,20.034654
20.037618,-0.067399,20.037618
20.040724,-0.067399,20.040724
20.043683,-0.067399,20.043683
20.046648,-0.061538,20.046648
20.049687,-0.061538,20.049687
20.052700,-0.061538,20.052700
20.055837,-0.067399,20.055837
20.058670,-0.067399,20.058670
20.061674,-0.067399,20.061674
20.067002,-0.067399,20.067002
20.073849,-0.067399,20.073849
20.076852,-0.067399,20.076852
20.079725,-0.067399,20.079725
20.083033,-0.061538,20.083033
20.085685,-0.061538,20.085685
20.088677,-0.061538,20.088677
20.091644,-0.061538,20.091644
20.094780,-0.061538,20.094780
20.103693,-0.067399,20.103693
20.106735,-0.061538,20.106735
20.109926,-0.061538,20.109926
20.112859,-0.061538,20.112859
20.115726,-0.061538,20.115726
20.118703,-0.061538,20.118703
20.121802,-0.061538,20.121802
20.124378,-0.067399,20.124378
20.127286,-0.067399,20.127286
20.130390,-0.067399,20.130390
20.133385,-0.061538,20.133385
20.136449,-0.067399,20.136449
20.138856,-0.067399,20.138856
20.141908,-0.067399,20.141908
20.144893,-0.061538,20.144893
20.147996,-0.061538,20.147996
20.150911,-0.067399,20.150911
20.153912,-0.061538,20.153912
20.156871,-0.061538,20.156871
20.160012,-0.067399,20.160012
20.162993,-0.067399,20.162993
20.165950,-0.067399,20.165950
20.168887,-0.061538,20.168887
20.171822,-0.061538,20.171822
20.175058,-0.061538,20.175058
20.177825,-0.067399,20.177825
20.181129,-0.061538,20.181129
20.184105,-0.061538,20.184105
20.187149,-0.067399,20.187149
20.190192,-0.067399,20.190192
20.193477,-0.067399,20.193477
20.199676,-0.067399,20.199676
20.209162,-0.061538,20.209162
20.212149,-0.061538,20.212149
20.215329,-0.067399,20.215329
20.218173,-0.061538,20.218173
20.220720,-0.067399,20.220720
20.223724,-0.067399,20.223724
20.226715,-0.067399,20.226715
20.229776,-0.067399,20.229776
20.232702,-0.067399,20.232702
20.235642,-0.067399,20.235642
20.238783,-0.061538,20.238783
20.241811,-0.061538,20.241811
20.244764,-0.061538,20.244764
20.247693,-0.061538,20.247693
20.250745,-0.061538,20.250745
20.253739,-0.061538,20.253739
20.256771,-0.067399,20.256771
20.259683,-0.067399,20.259683
20.262733,-0.067399,20.262733
20.265664,-0.067399,20.265664
20.268942,-0.061538,20.268942
20.271720,-0.061538,20.271720
20.274705,-0.061538,20.274705
20.277677,-0.061538,20.277677
20.281207,-0.061538,20.281207
20.284258,-0.067399,20.284258
20.287174,-0.067399,20.287174
20.290144,-0.061538,20.290144
20.293131,-0.067399,20.293131
20.296156,-0.067399,20.296156
20.299160,-0.067399,20.299160
20.302297,-0.067399,20.302297
20.311127,-0.061538,20.311127
20.315120,-0.067399,20.315120
20.322502,-0.067399,20.322502
20.325698,-0.061538,20.325698
20.328812,-0.061538,20.328812
20.331148,-0.061538,20.331148
20.334242,-0.061538,20.334242
20.337172,-0.061538,20.337172
20.339664,-0.061538,20.339664
20.342643,-0.061538,20.342643
20.345193,-0.067399,20.345193
20.348355,-0.067399,20.348355
20.350756,-0.061538,20.350756
20.353716,-0.067399,20.353716
20.356753,-0.067399,20.356753
20.359727,-0.067399,20.359727
20.362801,-0.067399,20.362801
20.365700,-0.067399,20.365700
20.368718,-0.067399,20.368718
20.371221,-0.067399,20.371221
20.374346,-0.067399,20.374346
20.376779,-0.061538,20.376779
20.379749,-0.061538,20.379749
20.382734,-0.067399,20.382734
20.385727,-0.067399,20.385727
20.388864,-0.067399,20.388864
20.391460,-0.067399,20.391460
20.394296,-0.061538,20.394296
20.397264,-0.067399,20.397264
20.400236,-0.061538,20.400236
20.403287,-0.061538,20.403287
20.411917,-0.067399,20.411917
20.415067,-0.067399,20.415067
20.417934,-0.061538,20.417934
20.421101,-0.061538,20.421101
20.423954,-0.061538,20.423954
20.426925,-0.061538,20.426925
20.429975,-0.061538,20.429975
20.432931,-0.067399,20.432931
20.435892,-0.067399,20.435892
20.439153,-0.061538,20.439153
20.446162,-0.067399,20.446162
20.449008,-0.067399,20.449008
20.451898,-0.067399,20.451898
20.455056,-0.067399,20.455056
20.457911,-0.067399,20.457911
20.461130,-0.067399,20.461130
20.464098,-0.061538,20.464098
20.466598,-0.061538,20.466598
20.469438,-0.067399,20.469438
20.471873,-0.067399,20.471873
20.474864,-0.067399,20.474864
20.477891,-0.061538,20.477891
20.480398,-0.061538,20.480398
20.483640,-0.067399,20.483640
20.486445,-0.061538,20.486445
20.489410,-0.067399,20.489410
20.492412,-0.067399,20.492412
20.495450,-0.067399,20.495450
20.498455,-0.067399,20.498455
20.500737,-0.067399,20.500737
20.503751,-0.061538,20.503751
20.512751,-0.061538,20.512751
20.515777,-0.061538,20.515777
20.518754,-0.061538,20.518754
20.521999,-0.061538,20.521999
20.524884,-0.061538,20.524884
20.527846,-0.061538,20.527846
20.530377,-0.061538,20.530377
20.533375,-0.061538,20.533375
20.536431,-0.067399,20.536431
20.539375,-0.067399,20.539375
20.541996,-0.067399,20.541996
20.544954,-0.067399,20.544954
20.548086,-0.067399,20.548086
20.550505,-0.061538,20.550505
20.553507,-0.061538,20.553507
20.556476,-0.067399,20.556476
20.560803,-0.067399,20.560803
20.567719,-0.067399,20.567719
20.570607,-0.067399,20.570607
20.573525,-0.067399,20.573525
20.576591,-0.067399,20.576591
20.579501,-0.067399,20.579501
20.582504,-0.067399,20.582504
20.585499,-0.067399,20.585499
20.588655,-0.067399,20.588655
20.591103,-0.061538,20.591103
20.594024,-0.061538,20.594024
20.597007,-0.067399,20.597007
20.599994,-0.061538,20.599994
20.603036,-0.061538,20.603036
20.606039,-0.061538,20.606039
20.614580,-0.061538,20.614580
20.617608,-0.061538,20.617608
20.620600,-0.061538,20.620600
20.623543,-0.067399,20.623543
20.626527,-0.067399,20.626527
20.629650,-0.061538,20.629650
20.632523,-0.061538,20.632523
20.635515,-0.061538,20.635515
20.638612,-0.061538,20.638612
20.641100,-0.061538,20.641100
20.644063,-0.061538,20.644063
20.647044,-0.067399,20.647044
20.650009,-0.067399,20.650009
20.653051,-0.067399,20.653051
20.656148,-0.067399,20.656148
20.659069,-0.061538,20.659069
20.661673,-0.067399,20.661673
20.664710,-0.067399,20.664710
20.667743,-0.061538,20.667743
20.672139,-0.067399,20.672139
20.679963,-0.067399,20.679963
20.683441,-0.067399,20.683441
20.686390,-0.067399,20.686390
20.689482,-0.061538,20.689482
20.691951,-0.061538,20.691951
20.695071,-0.061538,20.695071
20.697953,-0.067399,20.697953
20.700505,-0.067399,20.700505
20.703470,-0.061538,20.703470
20.706582,-0.067399,20.706582
20.715430,-0.067399,20.715430
20.718534,-0.061538,20.718534
20.721131,-0.067399,20.721131
20.724038,-0.067399,20.724038
20.726977,-0.061538,20.726977
20.729962,-0.061538,20.729962
20.733065,-0.061538,20.733065
20.736047,-0.061538,20.736047
20.739006,-0.067399,20.739006
20.741512,-0.067399,20.741512
20.744482,-0.061538,20.744482
20.747583,-0.061538,20.747583
20.750625,-0.061538,20.750625
20.753505,-0.061538,20.753505
20.756494,-0.067399,20.756494
20.759518,-0.061538,20.759518
20.762566,-0.061538,20.762566
20.765587,-0.061538,20.765587
20.768509,-0.061538,20.768509
20.771529,-0.067399,20.771529
20.774547,-0.067399,20.774547
20.777538,-0.067399,20.777538
20.780629,-0.067399,20.780629
20.783552,-0.067399,20.783552
20.786531,-0.067399,20.786531
20.789634,-0.061538,20.789634
20.792537,-0.061538,20.792537
20.795526,-0.061538,20.795526
20.799432,-0.061538,20.799432
20.806433,-0.061538,20.806433
20.809689,-0.061538,20.809689
20.818524,-0.061538,20.818524
20.821072,-0.067399,20.821072
20.824041,-0.067399,20.824041
20.827073,-0.067399,20.827073
20.830234,-0.061538,20.830234
20.833132,-0.061538,20.833132
20.836060,-0.061538,20.836060
20.839050,-0.061538,20.839050
20.841300,-0.067399,20.841300
20.844326,-0.067399,20.844326
20.847297,-0.067399,20.847297
20.850269,-0.067399,20.850269
20.853295,-0.067399,20.853295
20.856327,-0.067399,20.856327
20.859393,-0.067399,20.859393
20.862186,-0.061538,20.862186
20.865169,-0.061538,20.865169
20.868241,-0.061538,20.868241
20.871095,-0.067399,20.871095
20.874066,-0.067399,20.874066
20.877087,-0.067399,20.877087
20.880033,-0.067399,20.880033
20.883088,-0.067399,20.883088
20.886013,-0.067399,20.886013
20.889024,-0.067399,20.889024
20.891966,-0.061538,20.891966
20.894992,-0.061538,20.894992
20.897873,-0.067399,20.897873
20.901157,-0.067399,20.901157
20.904121,-0.067399,20.904121
20.907195,-0.061538,20.907195
20.910231,-0.067399,20.910231
20.919119,-0.067399,20.919119
20.924099,-0.067399,20.924099
20.931048,-0.067399,20.931048
20.934059,-0.067399,20.934059
20.937003,-0.067399,20.937003
20.939886,-0.067399,20.939886
20.942316,-0.067399,20.942316
20.945317,-0.067399,20.945317
20.948457,-0.061538,20.948457
20.950865,-0.067399,20.950865
20.953822,-0.067399,20.953822
20.956912,-0.061538,20.956912
20.959839,-0.061538,20.959839
20.962868,-0.067399,20.962868
20.965831,-0.067399,20.965831
20.968824,-0.067399,20.968824
20.971323,-0.067399,20.971323
20.974514,-0.067399,20.974514
20.977428,-0.067399,20.977428
20.980325,-0.067399,20.980325
20.983414,-0.067399,20.983414
20.986426,-0.067399,20.986426
20.989570,-0.067399,20.989570
20.991852,-0.067399,20.991852
20.994920,-0.067399,20.994920
20.998018,-0.061538,20.998018
21.000464,-0.067399,21.000464
21.003508,-0.067399,21.003508
21.006475,-0.061538,21.006475
21.009452,-0.061538,21.009452
21.012493,-0.067399,21.012493
21.020914,-0.067399,21.020914
21.023946,-0.061538,21.023946
21.026927,-0.061538,21.026927
21.030043,-0.061538,21.030043
21.032930,-0.061538,21.032930
21.035877,-0.061538,21.035877
21.038842,-0.061538,21.038842
21.041425,-0.067399,21.041425
21.046280,-0.067399,21.046280
21.053286,-0.067399,21.053286
21.056458,-0.061538,21.056458
21.059309,-0.061538,21.059309
21.062344,-0.067399,21.062344
21.065312,-0.067399,21.065312
21.068452,-0.067399,21.068452
21.070829,-0.061538,21.070829
21.073818,-0.061538,21.073818
21.076822,-0.067399,21.076822
21.079891,-0.067399,21.079891
21.082847,-0.067399,21.082847
21.085843,-0.067399,21.085843
21.088785,-0.067399,21.088785
21.091454,-0.067399,21.091454
21.094484,-0.067399,21.094484
21.097348,-0.061538,21.097348
21.100317,-0.067399,21.100317
21.103314,-0.067399,21.103314
21.106298,-0.067399,21.106298
21.109427,-0.067399,21.109427
21.111868,-0.061538,21.111868
21.114861,-0.067399,21.114861
21.123402,-0.067399,21.123402
21.125904,-0.061538,21.125904
21.128900,-0.067399,21.128900
21.131457,-0.067399,21.131457
21.134565,-0.061538,21.134565
21.137640,-0.061538,21.137640
21.140017,-0.067399,21.140017
21.143072,-0.067399,21.143072
21.146032,-0.067399,21.146032
21.149227,-0.067399,21.149227
21.152053,-0.067399,21.152053
21.155063,-0.067399,21.155063
21.158056,-0.067399,21.158056
21.160418,-0.067399,21.160418
21.163496,-0.067399,21.163496
21.166568,-0.061538,21.166568
21.170526,-0.067399,21.170526
21.179138,-0.067399,21.179138
21.182073,-0.067399,21.182073
21.184572,-0.061538,21.184572
21.187692,-0.061538,21.187692
21.190548,-0.067399,21.190548
21.193494,-0.067399,21.193494
21.196459,-0.067399,21.196459
21.199459,-0.067399,21.199459
21.202509,-0.067399,21.202509
21.205474,-0.067399,21.205474
21.208460,-0.067399,21.208460
21.210934,-0.067399,21.210934
21.214021,-0.067399,21.214021
21.217006,-0.067399,21.217006
21.226018,-0.067399,21.226018
21.229223,-0.061538,21.229223
21.232134,-0.061538,21.232134
21.234959,-0.067399,21.234959
21.237935,-0.061538,21.237935
21.240577,-0.061538,21.240577
21.243282,-0.067399,21.243282
21.246016,-0.067399,21.246016
21.248999,-0.067399,21.248999
21.251530,-0.067399,21.251530
21.254594,-0.061538,21.254594
21.256995,-0.061538,21.256995
21.259886,-0.061538,21.259886
21.262979,-0.061538,21.262979
21.265896,-0.061538,21.265896
21.269081,-0.061538,21.269081
21.271436,-0.067399,21.271436
21.274422,-0.061538,21.274422
21.277414,-0.067399,21.277414
21.280446,-0.067399,21.280446
21.283423,-0.073260,21.283423
21.286403,-0.067399,21.286403
21.289410,-0.067399,21.289410
21.292060,-0.067399,21.292060
21.296565,-0.067399,21.296565
21.303015,-0.067399,21.303015
21.306396,-0.067399,21.306396
21.309365,-0.067399,21.309365
21.312133,-0.061538,21.312133
21.315113,-0.061538,21.315113
21.318083,-0.067399,21.318083
21.326606,-0.061538,21.326606
21.329610,-0.067399,21.329610
21.332584,-0.061538,21.332584
21.335729,-0.061538,21.335729
21.338608,-0.061538,21.338608
21.341636,-0.061538,21.341636
21.344647,-0.061538,21.344647
21.347824,-0.061538,21.347824
21.350707,-0.061538,21.350707
21.353653,-0.067399,21.353653
21.356668,-0.067399,21.356668
21.359642,-0.067399,21.359642
21.362740,-0.061538,21.362740
21.365656,-0.061538,21.365656
21.368705,-0.061538,21.368705
21.371679,-0.061538,21.371679
21.374681,-0.061538,21.374681
21.377666,-0.067399,21.377666
21.380652,-0.067399,21.380652
21.383665,-0.067399,21.383665
21.386630,-0.067399,21.386630
21.389769,-0.067399,21.389769
21.392647,-0.067399,21.392647
21.395661,-0.067399,21.395661
21.398626,-0.067399,21.398626
21.401209,-0.061538,21.401209
21.404206,-0.067399,21.404206
21.407176,-0.061538,21.407176
21.410150,-0.067399,21.410150
21.413156,-0.067399,21.413156
21.417662,-0.067399,21.417662
21.424735,-0.067399,21.424735
21.434175,-0.061538,21.434175
21.437230,-0.067399,21.437230
21.440160,-0.067399,21.440160
21.443245,-0.067399,21.443245
21.446138,-0.061538,21.446138
21.449199,-0.061538,21.449199
21.452464,-0.061538,21.452464
21.455550,-0.067399,21.455550
21.458439,-0.061538,21.458439
21.461128,-0.061538,21.461128
21.464153,-0.067399,21.464153
21.467128,-0.061538,21.467128
21.470204,-0.067399,21.470204
21.473123,-0.061538,21.473123
21.476121,-0.067399,21.476121
21.479111,-0.061538,21.479111
21.481883,-0.061538,21.481883
21.484810,-0.061538,21.484810
21.487781,-0.061538,21.487781
21.490760,-0.067399,21.490760
21.493805,-0.067399,21.493805
21.496791,-0.067399,21.496791
21.499777,-0.067399,21.499777
21.502750,-0.061538,21.502750
21.505732,-0.067399,21.505732
21.508933,-0.067399,21.508933
21.511274,-0.067399,21.511274
21.514251,-0.067399,21.514251
21.517357,-0.067399,21.517357
21.520260,-0.061538,21.520260
21.523515,-0.067399,21.523515
21.526299,-0.067399,21.526299
21.534867,-0.067399,21.534867
21.537822,-0.061538,21.537822
21.541264,-0.067399,21.541264
21.548367,-0.067399,21.548367
21.552174,-0.067399,21.552174
21.554969,-0.067399,21.554969
21.557795,-0.067399,21.557795
21.560892,-0.061538,21.560892
21.563849,-0.067399,21.563849
21.566767,-0.061538,21.566767
21.569778,-0.067399,21.569778
21.572813,-0.067399,21.572813
21.575913,-0.067399,21.575913
21.578833,-0.061538,21.578833
21.581355,-0.061538,21.581355
21.584334,-0.067399,21.584334
21.587487,-0.061538,21.587487
21.590468,-0.061538,21.590468
21.593335,-0.061538,21.593335
21.596322,-0.061538,21.596322
21.599303,-0.061538,21.599303
21.602092,-0.061538,21.602092
21.604880,-0.067399,21.604880
21.607864,-0.061538,21.607864
21.610887,-0.061538,21.610887
21.614095,-0.067399,21.614095
21.616906,-0.067399,21.616906
21.619898,-0.061538,21.619898
21.622838,-0.061538,21.622838
21.625842,-0.061538,21.625842
21.629045,-0.061538,21.629045
21.637855,-0.061538,21.637855
21.640979,-0.067399,21.640979
21.643961,-0.067399,21.643961
21.646886,-0.061538,21.646886
21.650132,-0.061538,21.650132
21.652904,-0.061538,21.652904
21.656008,-0.061538,21.656008
21.658898,-0.061538,21.658898
21.661450,-0.061538,21.661450
21.664464,-0.067399,21.664464
21.668119,-0.061538,21.668119
21.677780,-0.067399,21.677780
21.682116,-0.067399,21.682116
21.685418,-0.067399,21.685418
21.688396,-0.067399,21.688396
21.690921,-0.061538,21.690921
21.693878,-0.067399,21.693878
21.697084,-0.067399,21.697084
21.699896,-0.067399,21.699896
21.702894,-0.061538,21.702894
21.705858,-0.061538,21.705858
21.708939,-0.067399,21.708939
21.711342,-0.067399,21.711342
21.714368,-0.061538,21.714368
21.717380,-0.061538,21.717380
21.720348,-0.067399,21.720348
21.723457,-0.061538,21.723457
21.726432,-0.061538,21.726432
21.729367,-0.061538,21.729367
21.738001,-0.061538,21.738001
21.740942,-0.061538,21.740942
21.743980,-0.061538,21.743980
21.746886,-0.061538,21.746886
21.750022,-0.067399,21.750022
21.752890,-0.061538,21.752890
21.755927,-0.067399,21.755927
21.758889,-0.067399,21.758889
21.761529,-0.067399,21.761529
21.764461,-0.061538,21.764461
21.767477,-0.061538,21.767477
21.770436,-0.061538,21.770436
21.773431,-0.061538,21.773431
21.776491,-0.061538,21.776491
21.779433,-0.067399,21.779433
21.781908,-0.061538,21.781908
21.784919,-0.067399,21.784919
21.788079,-0.067399,21.788079
21.791912,-0.067399,21.791912
21.798679,-0.067399,21.798679
21.802957,-0.067399,21.802957
21.806291,-0.067399,21.806291
21.809221,-0.073260,21.809221
21.811628,-0.067399,21.811628
21.814727,-0.067399,21.814727
21.817658,-0.061538,21.817658
21.820696,-0.061538,21.820696
21.823651,-0.067399,21.823651
21.826709,-0.061538,21.826709
21.829700,-0.061538,21.829700
21.838670,-0.061538,21.838670
21.841356,-0.067399,21.841356
21.844242,-0.061538,21.844242
21.847173,-0.061538,21.847173
21.850170,-0.061538,21.850170
21.853371,-0.061538,21.853371
21.856243,-0.067399,21.856243
21.859126,-0.067399,21.859126
21.861655,-0.067399,21.861655
21.864630,-0.061538,21.864630
21.867801,-0.067399,21.867801
21.870730,-0.067399,21.870730
21.873654,-0.067399,21.873654
21.876623,-0.061538,21.876623
21.879725,-0.061538,21.879725
21.882736,-0.067399,21.882736
21.885700,-0.067399,21.885700
21.888635,-0.061538,21.888635
21.891226,-0.067399,21.891226
21.894333,-0.067399,21.894333
21.897249,-0.061538,21.897249
21.900235,-0.061538,21.900235
21.903186,-0.061538,21.903186
21.906166,-0.067399,21.906166
21.909278,-0.061538,21.909278
21.911679,-0.061538,21.911679
21.914679,-0.061538,21.914679
21.918282,-0.067399,21.918282
21.925491,-0.067399,21.925491
21.928772,-0.067399,21.928772
21.931304,-0.067399,21.931304
21.940222,-0.067399,21.940222
21.943269,-0.067399,21.943269
21.945728,-0.061538,21.945728
21.948860,-0.067399,21.948860
21.951237,-0.067399,21.951237
21.954284,-0.067399,21.954284
21.957293,-0.067399,21.957293
21.960291,-0.067399,21.960291
21.963401,-0.067399,21.963401
21.966294,-0.067399,21.966294
21.969241,-0.067399,21.969241
21.971799,-0.061538,21.971799
21.974860,-0.067399,21.974860
21.977952,-0.067399,21.977952
21.980787,-0.067399,21.980787
21.983755,-0.067399,21.983755
21.986764,-0.067399,21.986764
21.989865,-0.067399,21.989865
21.993287,-0.067399,21.993287
21.995791,-0.067399,21.995791
21.998736,-0.067399,21.998736
22.001929,-0.067399,22.001929
22.004777,-0.067399,22.004777
22.007858,-0.067399,22.007858
22.010815,-0.067399,22.010815
22.013778,-0.067399,22.013778
22.016815,-0.067399,22.016815
22.019760,-0.067399,22.019760
22.022935,-0.067399,22.022935
22.025808,-0.067399,22.025808
22.028925,-0.067399,22.028925
22.031304,-0.061538,22.031304
22.034268,-0.061538,22.034268
22.047181,-0.067399,22.047181
22.050312,-0.067399,22.050312
22.053355,-0.067399,22.053355
22.056613,-0.067399,22.056613
22.059377,-0.061538,22.059377
22.061813,-0.061538,22.061813
22.064781,-0.061538,22.064781
22.067870,-0.061538,22.067870
22.070875,-0.061538,22.070875
22.073768,-0.061538,22.073768
22.076773,-0.061538,22.076773
22.079781,-0.061538,22.079781
22.082961,-0.067399,22.082961
22.085905,-0.067399,22.085905
22.088806,-0.067399,22.088806
22.091299,-0.067399,22.091299
22.094528,-0.067399,22.094528
22.097359,-0.067399,22.097359
22.100469,-0.067399,22.100469
22.103311,-0.061538,22.103311
22.106290,-0.067399,22.106290
22.109518,-0.067399,22.109518
22.111832,-0.067399,22.111832
22.114776,-0.067399,22.114776
22.117828,-0.067399,22.117828
22.120931,-0.061538,22.120931
22.123890,-0.067399,22.123890
22.126827,-0.061538,22.126827
22.129797,-0.067399,22.129797
22.132797,-0.061538,22.132797
22.135963,-0.061538,22.135963
22.144540,-0.061538,22.144540
22.147764,-0.067399,22.147764
22.150158,-0.061538,22.150158
22.153112,-0.061538,22.153112
22.156125,-0.067399,22.156125
22.159113,-0.067399,22.159113
22.162262,-0.067399,22.162262
22.165641,-0.061538,22.165641
22.172751,-0.067399,22.172751
22.176971,-0.067399,22.176971
22.179658,-0.067399,22.179658
22.182691,-0.061538,22.182691
22.185648,-0.061538,22.185648
22.188751,-0.061538,22.188751
22.191169,-0.061538,22.191169
22.194254,-0.061538,22.194254
22.197179,-0.061538,22.197179
22.200177,-0.061538,22.200177
22.203260,-0.067399,22.203260
22.206193,-0.067399,22.206193
22.209131,-0.067399,22.209131
22.212154,-0.067399,22.212154
22.215260,-0.067399,22.215260
22.218199,-0.067399,22.218199
22.220690,-0.067399,22.220690
22.223682,-0.061538,22.223682
22.226679,-0.067399,22.226679
22.229869,-0.067399,22.229869
22.232704,-0.067399,22.232704
22.235696,-0.061538,22.235696
22.238693,-0.067399,22.238693
22.247734,-0.061538,22.247734
22.250501,-0.061538,22.250501
22.253515,-0.061538,22.253515
22.256581,-0.061538,22.256581
22.259512,-0.067399,22.259512
22.262079,-0.067399,22.262079
22.265068,-0.067399,22.265068
22.268139,-0.061538,22.268139
22.270658,-0.061538,22.270658
22.273651,-0.061538,22.273651
22.276633,-0.067399,22.276633
22.279591,-0.061538,22.279591
22.282712,-0.061538,22.282712
22.285598,-0.067399,22.285598
22.293294,-0.067399,22.293294
22.300572,-0.067399,22.300572
22.304361,-0.061538,22.304361
22.307763,-0.061538,22.307763
22.310760,-0.061538,22.310760
22.313569,-0.061538,22.313569
22.316619,-0.061538,22.316619
22.319613,-0.067399,22.319613
22.322687,-0.067399,22.322687
22.325585,-0.067399,22.325585
22.328683,-0.061538,22.328683
22.331097,-0.067399,22.331097
22.334249,-0.067399,22.334249
22.337142,-0.061538,22.337142
22.340139,-0.067399,22.340139
22.348716,-0.067399,22.348716
22.351191,-0.061538,22.351191
22.354150,-0.061538,22.354150
22.357191,-0.061538,22.357191
22.360151,-0.067399,22.360151
22.363357,-0.067399,22.363357
22.365812,-0.067399,22.365812
22.368185,-0.067399,22.368185
22.371195,-0.067399,22.371195
22.374268,-0.067399,22.374268
22.377245,-0.067399,22.377245
22.380186,-0.061538,22.380186
22.383202,-0.067399,22.383202
22.386213,-0.067399,22.386213
22.389429,-0.067399,22.389429
22.391811,-0.067399,22.391811
22.394726,-0.067399,22.394726
22.397813,-0.073260,22.397813
22.401389,-0.067399,22.401389
22.404247,-0.073260,22.404247
22.407270,-0.067399,22.407270
22.410270,-0.067399,22.410270
22.414921,-0.067399,22.414921
22.421928,-0.061538,22.421928
22.425259,-0.061538,22.425259
22.428504,-0.061538,22.428504
22.431275,-0.061538,22.431275
22.434269,-0.061538,22.434269
22.437260,-0.061538,22.437260
22.440191,-0.061538,22.440191
22.448764,-0.061538,22.448764
22.451796,-0.061538,22.451796
22.454931,-0.061538,22.454931
22.458010,-0.061538,22.458010
22.460565,-0.061538,22.460565
22.463491,-0.067399,22.463491
22.466484,-0.067399,22.466484
22.469595,-0.067399,22.469595
22.471937,-0.067399,22.471937
22.475091,-0.061538,22.475091
22.478038,-0.067399,22.478038
22.481016,-0.067399,22.481016
22.484212,-0.067399,22.484212
22.487007,-0.067399,22.487007
22.489994,-0.067399,22.489994
22.492951,-0.067399,22.492951
22.496040,-0.067399,22.496040
22.498924,-0.067399,22.498924
22.501486,-0.061538,22.501486
22.504471,-0.061538,22.504471
22.507593,-0.061538,22.507593
22.510499,-0.067399,22.510499
22.513497,-0.067399,22.513497
22.516490,-0.067399,22.516490
22.519472,-0.067399,22.519472
22.522352,-0.067399,22.522352
22.525062,-0.067399,22.525062
22.528014,-0.067399,22.528014
22.531041,-0.067399,22.531041
22.534121,-0.067399,22.534121
22.538735,-0.067399,22.538735
22.541483,-0.067399,22.541483
22.553587,-0.067399,22.553587
22.556548,-0.061538,22.556548
22.559471,-0.061538,22.559471
22.562171,-0.067399,22.562171
22.565012,-0.061538,22.565012
22.568104,-0.061538,22.568104
22.570571,-0.067399,22.570571
22.573545,-0.067399,22.573545
22.576666,-0.067399,22.576666
22.579559,-0.067399,22.579559
22.582506,-0.061538,22.582506
22.585615,-0.061538,22.585615
22.588661,-0.067399,22.588661
22.591594,-0.061538,22.591594
22.594519,-0.067399,22.594519
22.597502,-0.061538,22.597502
22.600124,-0.061538,22.600124
22.603338,-0.061538,22.603338
22.606197,-0.067399,22.606197
22.609234,-0.061538,22.609234
22.611706,-0.067399,22.611706
22.614905,-0.061538,22.614905
22.617733,-0.061538,22.617733
22.620738,-0.061538,22.620738
22.623684,-0.061538,22.623684
22.626694,-0.067399,22.626694
22.629896,-0.067399,22.629896
22.632741,-0.067399,22.632741
22.635699,-0.061538,22.635699
22.638720,-0.061538,22.638720
22.641279,-0.067399,22.641279
22.644308,-0.067399,22.644308
22.652757,-0.067399,22.652757
22.655858,-0.067399,22.655858
22.658763,-0.061538,22.658763
22.661787,-0.061538,22.661787
22.665026,-0.067399,22.665026
22.672597,-0.067399,22.672597
22.675809,-0.067399,22.675809
22.678858,-0.067399,22.678858
22.681460,-0.067399,22.681460
22.684332,-0.061538,22.684332
22.687299,-0.061538,22.687299
22.690282,-0.067399,22.690282
22.693391,-0.067399,22.693391
22.696356,-0.067399,22.696356
22.699308,-0.067399,22.699308
22.702328,-0.061538,22.702328
22.705255,-0.061538,22.705255
22.708392,-0.061538,22.708392
22.711395,-0.067399,22.711395
22.714329,-0.061538,22.714329
22.717280,-0.067399,22.717280
22.720314,-0.067399,22.720314
22.723338,-0.067399,22.723338
22.726306,-0.067399,22.726306
22.729252,-0.067399,22.729252
22.731920,-0.067399,22.731920
22.735008,-0.061538,22.735008
22.737971,-0.067399,22.737971
22.740681,-0.067399,22.740681
22.743780,-0.067399,22.743780
22.746698,-0.067399,22.746698
22.755720,-0.067399,22.755720
22.758643,-0.067399,22.758643
22.761233,-0.067399,22.761233
22.764233,-0.067399,22.764233
22.767238,-0.067399,22.767238
22.770164,-0.061538,22.770164
22.773158,-0.061538,22.773158
22.776179,-0.061538,22.776179
22.779178,-0.061538,22.779178
22.782319,-0.061538,22.782319
22.785322,-0.067399,22.785322
22.789173,-0.061538,22.789173
22.796455,-0.061538,22.796455
22.799892,-0.067399,22.799892
22.803221,-0.067399,22.803221
22.806085,-0.061538,22.806085
22.808978,-0.061538,22.808978
22.811534,-0.067399,22.811534
22.814546,-0.067399,22.814546
22.817689,-0.067399,22.817689
22.820498,-0.067399,22.820498
22.823561,-0.061538,22.823561
22.826511,-0.061538,22.826511
22.829672,-0.061538,22.829672
22.832045,-0.061538,22.832045
22.835033,-0.061538,22.835033
22.838023,-0.067399,22.838023
22.841334,-0.067399,22.841334
22.844397,-0.067399,22.844397
22.846774,-0.061538,22.846774
22.855887,-0.067399,22.855887
22.858768,-0.061538,22.858768
22.861251,-0.067399,22.861251
22.864364,-0.061538,22.864364
22.867256,-0.061538,22.867256
22.870311,-0.067399,22.870311
22.873263,-0.061538,22.873263
22.876265,-0.067399,22.876265
22.879209,-0.061538,22.879209
22.882206,-0.067399,22.882206
22.884778,-0.067399,22.884778
22.887837,-0.067399,22.887837
22.890819,-0.061538,22.890819
22.893994,-0.061538,22.893994
22.896931,-0.061538,22.896931
22.899831,-0.067399,22.899831
22.902810,-0.067399,22.902810
22.905778,-0.067399,22.905778
22.908912,-0.067399,22.908912
22.913153,-0.067399,22.913153
22.921361,-0.067399,22.921361
22.924649,-0.067399,22.924649
22.927657,-0.067399,22.927657
22.930342,-0.067399,22.930342
22.933313,-0.067399,22.933313
22.936375,-0.067399,22.936375
22.939299,-0.061538,22.939299
22.941817,-0.061538,22.941817
22.944824,-0.061538,22.944824
22.947384,-0.061538,22.947384
22.956328,-0.061538,22.956328
22.959362,-0.061538,22.959362
22.961990,-0.067399,22.961990
22.964873,-0.067399,22.964873
22.967829,-0.061538,22.967829
22.970888,-0.067399,22.970888
22.974074,-0.061538,22.974074
22.976938,-0.061538,22.976938
22.979853,-0.061538,22.979853
22.982868,-0.067399,22.982868
22.985826,-0.067399,22.985826
22.989187,-0.067399,22.989187
22.991875,-0.067399,22.991875
22.994489,-0.067399,22.994489
22.997475,-0.067399,22.997475
23.000484,-0.067399,23.000484
23.003542,-0.067399,23.003542
23.006500,-0.067399,23.006500
23.009485,-0.067399,23.009485
23.011931,-0.061538,23.011931
23.015075,-0.061538,23.015075
23.017982,-0.067399,23.017982
23.021094,-0.067399,23.021094
23.023980,-0.067399,23.023980
23.026987,-0.067399,23.026987
23.030003,-0.061538,23.030003
23.032954,-0.061538,23.032954
23.037399,-0.067399,23.037399
23.045047,-0.067399,23.045047
23.048616,-0.067399,23.048616
23.057546,-0.067399,23.057546
23.060550,-0.067399,23.060550
23.063529,-0.067399,23.063529
23.066579,-0.061538,23.066579
23.069673,-0.067399,23.069673
23.071973,-0.067399,23.071973
23.074984,-0.067399,23.074984
23.078000,-0.067399,23.078000
23.081115,-0.061538,23.081115
23.084063,-0.067399,23.084063
23.087003,-0.061538,23.087003
23.090026,-0.067399,23.090026
23.092991,-0.061538,23.092991
23.096081,-0.067399,23.096081
23.099002,-0.067399,23.099002
23.101553,-0.067399,23.101553
23.104498,-0.061538,23.104498
23.107541,-0.061538,23.107541
23.110554,-0.067399,23.110554
23.113636,-0.067399,23.113636
23.116557,-0.067399,23.116557
23.119544,-0.067399,23.119544
23.122207,-0.061538,23.122207
23.125093,-0.067399,23.125093
23.128061,-0.061538,23.128061
23.130649,-0.061538,23.130649
23.133609,-0.061538,23.133609
23.136702,-0.061538,23.136702
23.139638,-0.061538,23.139638
23.142610,-0.061538,23.142610
23.145588,-0.061538,23.145588
23.148214,-0.061538,23.148214
23.151121,-0.067399,23.151121
23.162879,-0.067399,23.162879
23.172484,-0.067399,23.172484
23.178031,-0.061538,23.178031
23.180726,-0.061538,23.180726
23.183725,-0.061538,23.183725
23.186672,-0.067399,23.186672
23.189821,-0.067399,23.189821
23.192719,-0.067399,23.192719
23.195725,-0.061538,23.195725
23.198693,-0.067399,23.198693
23.201886,-0.067399,23.201886
23.204735,-0.067399,23.204735
23.207896,-0.067399,23.207896
23.210757,-0.061538,23.210757
23.213741,-0.067399,23.213741
23.216767,-0.067399,23.216767
23.219695,-0.067399,23.219695
23.222736,-0.067399,23.222736
23.225741,-0.061538,23.225741
23.228840,-0.061538,23.228840
23.231220,-0.061538,23.231220
23.234196,-0.067399,23.234196
23.237329,-0.067399,23.237329
23.240273,-0.067399,23.240273
23.243341,-0.067399,23.243341
23.246253,-0.067399,23.246253
23.248758,-0.067399,23.248758
23.251246,-0.067399,23.251246
23.260135,-0.067399,23.260135
23.263142,-0.067399,23.263142
23.266143,-0.067399,23.266143
23.269486,-0.067399,23.269486
23.272377,-0.061538,23.272377
23.275243,-0.061538,23.275243
23.278275,-0.061538,23.278275
23.280867,-0.061538,23.280867
23.283911,-0.061538,23.283911
23.287320,-0.061538,23.287320
23.295383,-0.061538,23.295383
23.299011,-0.061538,23.299011
23.301903,-0.061538,23.301903
23.304908,-0.067399,23.304908
23.307920,-0.067399,23.307920
23.310821,-0.067399,23.310821
23.313749,-0.067399,23.313749
23.316829,-0.067399,23.316829
23.319786,-0.067399,23.319786
23.323023,-0.061538,23.323023
23.325766,-0.061538,23.325766
23.328774,-0.061538,23.328774
23.331400,-0.061538,23.331400
23.334390,-0.061538,23.334390
23.337274,-0.061538,23.337274
23.340312,-0.061538,23.340312
23.343304,-0.061538,23.343304
23.346256,-0.061538,23.346256
23.348927,-0.061538,23.348927
23.351365,-0.061538,23.351365
23.360316,-0.061538,23.360316
23.363613,-0.061538,23.363613
23.366891,-0.061538,23.366891
23.369848,-0.061538,23.369848
23.372895,-0.061538,23.372895
23.375945,-0.067399,23.375945
23.378904,-0.067399,23.378904
23.381367,-0.061538,23.381367
23.384358,-0.061538,23.384358
23.387478,-0.067399,23.387478
23.390606,-0.061538,23.390606
23.393363,-0.067399,23.393363
23.396397,-0.067399,23.396397
23.399365,-0.067399,23.399365
23.401997,-0.061538,23.401997
23.405092,-0.067399,23.405092
23.407924,-0.061538,23.407924
23.413019,-0.061538,23.413019
23.422669,-0.067399,23.422669
23.426133,-0.067399,23.426133
23.429030,-0.067399,23.429030
23.431433,-0.067399,23.431433
23.434380,-0.067399,23.434380
23.437373,-0.067399,23.437373
23.440377,-0.061538,23.440377
23.443559,-0.061538,23.443559
23.446457,-0.061538,23.446457
23.448948,-0.061538,23.448948
23.451526,-0.061538,23.451526
23.460481,-0.061538,23.460481
23.463523,-0.061538,23.463523
23.466402,-0.067399,23.466402
23.469533,-0.067399,23.469533
23.471952,-0.067399,23.471952
23.474955,-0.067399,23.474955
23.477916,-0.067399,23.477916
23.481010,-0.061538,23.481010
23.484035,-0.067399,23.484035
23.486964,-0.067399,23.486964
23.489976,-0.067399,23.489976
23.493004,-0.067399,23.493004
23.496116,-0.067399,23.496116
23.498962,-0.061538,23.498962
23.501429,-0.061538,23.501429
23.504495,-0.067399,23.504495
23.507591,-0.067399,23.507591
23.510538,-0.067399,23.510538
23.513515,-0.061538,23.513515
23.516571,-0.067399,23.516571
23.519523,-0.067399,23.519523
23.522183,-0.061538,23.522183
23.524997,-0.067399,23.524997
23.527985,-0.067399,23.527985
23.530943,-0.067399,23.530943
23.534140,-0.061538,23.534140
23.538831,-0.061538,23.538831
23.546065,-0.067399,23.546065
23.549906,-0.067399,23.549906
23.553048,-0.067399,23.553048
23.561602,-0.067399,23.561602
23.564650,-0.067399,23.564650
23.567628,-0.067399,23.567628
23.570611,-0.067399,23.570611
23.573537,-0.067399,23.573537
23.576651,-0.061538,23.576651
23.579553,-0.061538,23.579553
23.582252,-0.061538,23.582252
23.585076,-0.061538,23.585076
23.588186,-0.067399,23.588186
23.590696,-0.067399,23.590696
23.593630,-0.067399,23.593630
23.596684,-0.067399,23.596684
23.599661,-0.067399,23.599661
23.602763,-0.061538,23.602763
23.605688,-0.061538,23.605688
23.608647,-0.067399,23.608647
23.611166,-0.067399,23.611166
23.614344,-0.061538,23.614344
23.617205,-0.067399,23.617205
23.620189,-0.067399,23.620189
23.623196,-0.061538,23.623196
23.626191,-0.061538,23.626191
23.629409,-0.061538,23.629409
23.631745,-0.061538,23.631745
23.634649,-0.061538,23.634649
23.637728,-0.061538,23.637728
23.640933,-0.061538,23.640933
23.643795,-0.067399,23.643795
23.646732,-0.067399,23.646732
23.649199,-0.061538,23.649199
23.651713,-0.061538,23.651713
23.654819,-0.061538,23.654819
23.669518,-0.061538,23.669518
23.672800,-0.067399,23.672800
23.675781,-0.067399,23.675781
23.678760,-0.067399,23.678760
23.681287,-0.067399,23.681287
23.684280,-0.061538,23.684280
23.687306,-0.061538,23.687306
23.690242,-0.061538,23.690242
23.693291,-0.061538,23.693291
23.696289,-0.061538,23.696289
23.699241,-0.061538,23.699241
23.701759,-0.067399,23.701759
23.704887,-0.073260,23.704887
23.707907,-0.061538,23.707907
23.710823,-0.061538,23.710823
23.713753,-0.061538,23.713753
23.716762,-0.061538,23.716762
23.719797,-0.061538,23.719797
23.722839,-0.067399,23.722839
23.725770,-0.067399,23.725770
23.728767,-0.067399,23.728767
23.731798,-0.061538,23.731798
23.734831,-0.067399,23.734831
23.737775,-0.061538,23.737775
23.740447,-0.061538,23.740447
23.743386,-0.061538,23.743386
23.746387,-0.067399,23.746387
23.749437,-0.061538,23.749437
23.751921,-0.061538,23.751921
23.755019,-0.061538,23.755019
23.763981,-0.061538,23.763981
23.766949,-0.061538,23.766949
23.769964,-0.067399,23.769964
23.772948,-0.067399,23.772948
23.775988,-0.061538,23.775988
23.778918,-0.067399,23.778918
23.781447,-0.067399,23.781447
23.784428,-0.067399,23.784428
23.789158,-0.061538,23.789158
23.795504,-0.061538,23.795504
23.798502,-0.067399,23.798502
23.801256,-0.061538,23.801256
23.804058,-0.061538,23.804058
23.807039,-0.061538,23.807039
23.809947,-0.061538,23.809947
23.812988,-0.067399,23.812988
23.816056,-0.061538,23.816056
23.819010,-0.067399,23.819010
23.821528,-0.061538,23.821528
23.824538,-0.067399,23.824538
23.827549,-0.061538,23.827549
23.830535,-0.067399,23.830535
23.833715,-0.067399,23.833715
23.836534,-0.067399,23.836534
23.839445,-0.061538,23.839445
23.842096,-0.067399,23.842096
23.844980,-0.067399,23.844980
23.847989,-0.061538,23.847989
23.850989,-0.061538,23.850989
23.853997,-0.067399,23.853997
23.856999,-0.061538,23.856999
23.866016,-0.061538,23.866016
23.869105,-0.061538,23.869105
23.871537,-0.067399,23.871537
23.874520,-0.067399,23.874520
23.877512,-0.067399,23.877512
23.880529,-0.067399,23.880529
23.883582,-0.067399,23.883582
23.886547,-0.061538,23.886547
23.889550,-0.067399,23.889550
23.892170,-0.067399,23.892170
23.895400,-0.067399,23.895400
23.898257,-0.067399,23.898257
23.901304,-0.067399,23.901304
23.904230,-0.073260,23.904230
23.907317,-0.073260,23.907317
23.911859,-0.073260,23.911859
23.918573,-0.073260,23.918573
23.922620,-0.067399,23.922620
23.925349,-0.067399,23.925349
23.928346,-0.067399,23.928346
23.930797,-0.067399,23.930797
23.933789,-0.067399,23.933789
23.936820,-0.067399,23.936820
23.939811,-0.061538,23.939811
23.942858,-0.061538,23.942858
23.945803,-0.061538,23.945803
23.948903,-0.061538,23.948903
23.951300,-0.067399,23.951300
23.954270,-0.061538,23.954270
23.957433,-0.067399,23.957433
23.968314,-0.067399,23.968314
23.970880,-0.061538,23.970880
23.973819,-0.061538,23.973819
23.976900,-0.061538,23.976900
23.979794,-0.061538,23.979794
23.982829,-0.061538,23.982829
23.985810,-0.061538,23.985810
23.989064,-0.067399,23.989064
23.991429,-0.067399,23.991429
23.994104,-0.067399,23.994104
23.997018,-0.067399,23.997018
24.000001,-0.067399,24.000001
24.003355,-0.067399,24.003355
24.006008,-0.067399,24.006008
24.008971,-0.067399,24.008971
24.011661,-0.067399,24.011661
24.014754,-0.067399,24.014754
24.017680,-0.061538,24.017680
24.020658,-0.061538,24.020658
24.023557,-0.061538,24.023557
24.026519,-0.061538,24.026519
24.029570,-0.067399,24.029570
24.032565,-0.067399,24.032565
24.035862,-0.067399,24.035862
24.043635,-0.067399,24.043635
24.046666,-0.061538,24.046666
24.049527,-0.061538,24.049527
24.052829,-0.067399,24.052829
24.055925,-0.067399,24.055925
24.058797,-0.067399,24.058797
24.067844,-0.061538,24.067844
24.070875,-0.061538,24.070875
24.073799,-0.067399,24.073799
24.076818,-0.067399,24.076818
24.079788,-0.067399,24.079788
24.083025,-0.067399,24.083025
24.085782,-0.067399,24.085782
24.088811,-0.061538,24.088811
24.091850,-0.067399,24.091850
24.094890,-0.061538,24.094890
24.097835,-0.061538,24.097835
24.100837,-0.061538,24.100837
24.103834,-0.061538,24.103834
24.106875,-0.061538,24.106875
24.110105,-0.061538,24.110105
24.112943,-0.061538,24.112943
24.115855,-0.067399,24.115855
24.118805,-0.061538,24.118805
24.121952,-0.061538,24.121952
24.124483,-0.061538,24.124483
24.127445,-0.061538,24.127445
24.130403,-0.061538,24.130403
24.133423,-0.061538,24.133423
24.136557,-0.067399,24.136557
24.139430,-0.061538,24.139430
24.142052,-0.067399,24.142052
24.145099,-0.061538,24.145099
24.148108,-0.067399,24.148108
24.151274,-0.061538,24.151274
24.154234,-0.067399,24.154234
24.157261,-0.061538,24.157261
24.161276,-0.061538,24.161276
24.174546,-0.061538,24.174546
24.177276,-0.061538,24.177276
24.180289,-0.067399,24.180289
24.183262,-0.061538,24.183262
24.186239,-0.067399,24.186239
24.189362,-0.061538,24.189362
24.191739,-0.061538,24.191739
24.194723,-0.067399,24.194723
24.197732,-0.061538,24.197732
24.200839,-0.061538,24.200839
24.203801,-0.061538,24.203801
24.206779,-0.061538,24.206779
24.209750,-0.061538,24.209750
24.212766,-0.061538,24.212766
24.215783,-0.061538,24.215783
24.218728,-0.061538,24.218728
24.221259,-0.067399,24.221259
24.224237,-0.067399,24.224237
24.227272,-0.061538,24.227272
24.230268,-0.061538,24.230268
24.233292,-0.061538,24.233292
24.236363,-0.061538,24.236363
24.239314,-0.067399,24.239314
24.241937,-0.067399,24.241937
24.244827,-0.067399,24.244827
24.247812,-0.067399,24.247812
24.250846,-0.067399,24.250846
24.253812,-0.067399,24.253812
24.256921,-0.067399,24.256921
24.259831,-0.067399,24.259831
24.262808,-0.067399,24.262808
24.271808,-0.067399,24.271808
24.274803,-0.067399,24.274803
24.277769,-0.061538,24.277769
24.280296,-0.067399,24.280296
24.285007,-0.067399,24.285007
24.287334,-0.067399,24.287334
24.292230,-0.067399,24.292230
24.295417,-0.067399,24.295417
24.298466,-0.067399,24.298466
24.300876,-0.067399,24.300876
24.303849,-0.067399,24.303849
24.306825,-0.067399,24.306825
24.309864,-0.067399,24.309864
24.312830,-0.067399,24.312830
24.315847,-0.067399,24.315847
24.318826,-0.067399,24.318826
24.321412,-0.061538,24.321412
24.324348,-0.067399,24.324348
24.327344,-0.067399,24.327344
24.330370,-0.067399,24.330370
24.333350,-0.067399,24.333350
24.336370,-0.067399,24.336370
24.339340,-0.067399,24.339340
24.341857,-0.061538,24.341857
24.344992,-0.067399,24.344992
24.347921,-0.067399,24.347921
24.350912,-0.067399,24.350912
24.353830,-0.067399,24.353830
24.356840,-0.067399,24.356840
24.359980,-0.067399,24.359980
24.362957,-0.061538,24.362957
24.371332,-0.061538,24.371332
24.374427,-0.067399,24.374427
24.376955,-0.067399,24.376955
24.379938,-0.067399,24.379938
24.382917,-0.061538,24.382917
24.385910,-0.067399,24.385910
24.388995,-0.061538,24.388995
24.392121,-0.061538,24.392121
24.395039,-0.061538,24.395039
24.398031,-0.061538,24.398031
24.401563,-0.061538,24.401563
24.404539,-0.067399,24.404539
24.408757,-0.061538,24.408757
24.415747,-0.061538,24.415747
24.418817,-0.061538,24.418817
24.422114,-0.061538,24.422114
24.425031,-0.061538,24.425031
24.428027,-0.061538,24.428027
24.431086,-0.061538,24.431086
24.433966,-0.067399,24.433966
24.437062,-0.067399,24.437062
24.439971,-0.061538,24.439971
24.443080,-0.067399,24.443080
24.445975,-0.061538,24.445975
24.448979,-0.061538,24.448979
24.452044,-0.067399,24.452044
24.455136,-0.067399,24.455136
24.458054,-0.067399,24.458054
24.461020,-0.067399,24.461020
24.463995,-0.067399,24.463995
24.472997,-0.067399,24.472997
24.475981,-0.061538,24.475981
24.478995,-0.061538,24.478995
24.481569,-0.067399,24.481569
24.484561,-0.061538,24.484561
24.487578,-0.067399,24.487578
24.490549,-0.061538,24.490549
24.493545,-0.067399,24.493545
24.496569,-0.061538,24.496569
24.499551,-0.061538,24.499551
24.502230,-0.061538,24.502230
24.505175,-0.061538,24.505175
24.508296,-0.061538,24.508296
24.511292,-0.061538,24.511292
24.514249,-0.067399,24.514249
24.517370,-0.067399,24.517370
24.520312,-0.067399,24.520312
24.523360,-0.067399,24.523360
24.526276,-0.061538,24.526276
24.529266,-0.061538,24.529266
24.531904,-0.061538,24.531904
24.535743,-0.061538,24.535743
24.542319,-0.067399,24.542319
24.545254,-0.061538,24.545254
24.548086,-0.061538,24.548086
24.551147,-0.061538,24.551147
24.553911,-0.061538,24.553911
24.556956,-0.067399,24.556956
24.559901,-0.061538,24.559901
24.563012,-0.061538,24.563012
24.565943,-0.067399,24.565943
24.574572,-0.061538,24.574572
24.577490,-0.067399,24.577490
24.580580,-0.067399,24.580580
24.583510,-0.067399,24.583510
24.586448,-0.067399,24.586448
24.589498,-0.067399,24.589498
24.591938,-0.067399,24.591938
24.594901,-0.067399,24.594901
24.597925,-0.061538,24.597925
24.600970,-0.067399,24.600970
24.603990,-0.067399,24.603990
24.606944,-0.067399,24.606944
24.609958,-0.067399,24.609958
24.612945,-0.061538,24.612945
24.616085,-0.067399,24.616085
24.618944,-0.067399,24.618944
24.621490,-0.061538,24.621490
24.624457,-0.067399,24.624457
24.627620,-0.061538,24.627620
24.630569,-0.067399,24.630569
24.633488,-0.061538,24.633488
24.636478,-0.067399,24.636478
24.639478,-0.061538,24.639478
24.642659,-0.067399,24.642659
24.645561,-0.061538,24.645561
24.648572,-0.061538,24.648572
24.651033,-0.067399,24.651033
24.654132,-0.067399,24.654132
24.657103,-0.067399,24.657103
24.661090,-0.067399,24.661090
24.667550,-0.067399,24.667550
24.677042,-0.061538,24.677042
24.680013,-0.067399,24.680013
24.683086,-0.067399,24.683086
24.686033,-0.061538,24.686033
24.688983,-0.067399,24.688983
24.691546,-0.067399,24.691546
24.694621,-0.061538,24.694621
24.697567,-0.067399,24.697567
24.700540,-0.061538,24.700540
24.703562,-0.061538,24.703562
24.706668,-0.061538,24.706668
24.709635,-0.067399,24.709635
24.712068,-0.061538,24.712068
24.715005,-0.067399,24.715005
24.718071,-0.061538,24.718071
24.721121,-0.067399,24.721121
24.724119,-0.061538,24.724119
24.727048,-0.067399,24.727048
24.730090,-0.067399,24.730090
24.733050,-0.067399,24.733050
24.736204,-0.067399,24.736204
24.739131,-0.067399,24.739131
24.741568,-0.061538,24.741568
24.744564,-0.067399,24.744564
24.747604,-0.067399,24.747604
24.750641,-0.067399,24.750641
24.753077,-0.067399,24.753077
24.756045,-0.067399,24.756045
24.759102,-0.067399,24.759102
24.761715,-0.061538,24.761715
24.764656,-0.061538,24.764656
24.767608,-0.067399,24.767608
24.776625,-0.067399,24.776625
24.779596,-0.067399,24.779596
24.782165,-0.061538,24.782165
24.786302,-0.061538,24.786302
24.793232,-0.061538,24.793232
24.796122,-0.061538,24.796122
24.799211,-0.061538,24.799211
24.801735,-0.067399,24.801735
24.804599,-0.067399,24.804599
24.807604,-0.067399,24.807604
24.810566,-0.067399,24.810566
24.813600,-0.067399,24.813600
24.816612,-0.067399,24.816612
24.819604,-0.067399,24.819604
24.822087,-0.067399,24.822087
24.825125,-0.067399,24.825125
24.828173,-0.067399,24.828173
24.830874,-0.067399,24.830874
24.833795,-0.061538,24.833795
24.836748,-0.067399,24.836748
24.839770,-0.067399,24.839770
24.842809,-0.067399,24.842809
24.845880,-0.067399,24.845880
24.848772,-0.067399,24.848772
24.851279,-0.061538,24.851279
24.853759,-0.067399,24.853759
24.856915,-0.067399,24.856915
24.859801,-0.061538,24.859801
24.862952,-0.061538,24.862952
24.865816,-0.067399,24.865816
24.868861,-0.067399,24.868861
24.878171,-0.061538,24.878171
24.881481,-0.061538,24.881481
24.884440,-0.061538,24.884440
24.887412,-0.061538,24.887412
24.890397,-0.061538,24.890397
24.893458,-0.061538,24.893458
24.896464,-0.061538,24.896464
24.899433,-0.061538,24.899433
24.901976,-0.067399,24.901976
24.904938,-0.067399,24.904938
24.910086,-0.067399,24.910086
24.916415,-0.067399,24.916415
24.919139,-0.067399,24.919139
24.922002,-0.061538,24.922002
24.924962,-0.061538,24.924962
24.927745,-0.061538,24.927745
24.930690,-0.061538,24.930690
24.933717,-0.067399,24.933717
24.936730,-0.067399,24.936730
24.939805,-0.067399,24.939805
24.942716,-0.067399,24.942716
24.945705,-0.067399,24.945705
24.948783,-0.061538,24.948783
24.951249,-0.067399,24.951249
24.953732,-0.061538,24.953732
24.956825,-0.067399,24.956825
24.959764,-0.061538,24.959764
24.962811,-0.061538,24.962811
24.965731,-0.067399,24.965731
24.968764,-0.067399,24.968764
24.971776,-0.067399,24.971776
24.980745,-0.067399,24.980745
24.983775,-0.067399,24.983775
24.986799,-0.067399,24.986799
24.989799,-0.061538,24.989799
24.992787,-0.067399,24.992787
24.995325,-0.067399,24.995325
24.998329,-0.067399,24.998329
25.000986,-0.067399,25.000986
25.003922,-0.067399,25.003922
25.006876,-0.067399,25.006876
25.009866,-0.067399,25.009866
25.012848,-0.067399,25.012848
25.016081,-0.067399,25.016081
25.018878,-0.061538,25.018878
25.021906,-0.061538,25.021906
25.024828,-0.061538,25.024828
25.027950,-0.061538,25.027950
25.030371,-0.061538,25.030371
25.033625,-0.061538,25.033625
25.039590,-0.061538,25.039590
25.043177,-0.067399,25.043177
25.045909,-0.067399,25.045909
25.048980,-0.067399,25.048980
25.051429,-0.061538,25.051429
25.053893,-0.061538,25.053893
25.056939,-0.067399,25.056939
25.059926,-0.061538,25.059926
25.063029,-0.061538,25.063029
25.065904,-0.067399,25.065904
25.069077,-0.067399,25.069077
25.071953,-0.067399,25.071953
25.081074,-0.067399,25.081074
25.084000,-0.061538,25.084000
25.086922,-0.067399,25.086922
25.089917,-0.067399,25.089917
25.092957,-0.067399,25.092957
25.095994,-0.061538,25.095994
25.098966,-0.067399,25.098966
25.101477,-0.067399,25.101477
25.104446,-0.061538,25.104446
25.107499,-0.067399,25.107499
25.110700,-0.067399,25.110700
25.113474,-0.067399,25.113474
25.116464,-0.061538,25.116464
25.119440,-0.067399,25.119440
25.122681,-0.061538,25.122681
25.125847,-0.061538,25.125847
25.128655,-0.067399,25.128655
25.131252,-0.061538,25.131252
25.134259,-0.061538,25.134259
25.137226,-0.061538,25.137226
25.140276,-0.061538,25.140276
25.143244,-0.061538,25.143244
25.146181,-0.067399,25.146181
25.149263,-0.067399,25.149263
25.151686,-0.067399,25.151686
25.154169,-0.061538,25.154169
25.158558,-0.067399,25.158558
25.165484,-0.067399,25.165484
25.168332,-0.061538,25.168332
25.171344,-0.061538,25.171344
25.174319,-0.061538,25.174319
25.183208,-0.061538,25.183208
25.186219,-0.067399,25.186219
25.189330,-0.067399,25.189330
25.191708,-0.067399,25.191708
25.194752,-0.061538,25.194752
25.197703,-0.061538,25.197703
25.200759,-0.061538,25.200759
25.203899,-0.061538,25.203899
25.206745,-0.061538,25.206745
25.209745,-0.067399,25.209745
25.212293,-0.067399,25.212293
25.215340,-0.067399,25.215340
25.218332,-0.067399,25.218332
25.220810,-0.061538,25.220810
25.223794,-0.061538,25.223794
25.226764,-0.067399,25.226764
25.229892,-0.067399,25.229892
25.232781,-0.067399,25.232781
25.235794,-0.067399,25.235794
25.238784,-0.067399,25.238784
25.241360,-0.067399,25.241360
25.244346,-0.067399,25.244346
25.247303,-0.067399,25.247303
25.250332,-0.061538,25.250332
25.253301,-0.067399,25.253301
25.256382,-0.061538,25.256382
25.259311,-0.061538,25.259311
25.261604,-0.061538,25.261604
25.264707,-0.061538,25.264707
25.267676,-0.061538,25.267676
25.270639,-0.061538,25.270639
25.273633,-0.061538,25.273633
25.276640,-0.061538,25.276640
25.285374,-0.067399,25.285374
25.291717,-0.061538,25.291717
25.295319,-0.067399,25.295319
25.297960,-0.067399,25.297960
25.300902,-0.061538,25.300902
25.303872,-0.067399,25.303872
25.306928,-0.061538,25.306928
25.310028,-0.061538,25.310028
25.312947,-0.067399,25.312947
25.315828,-0.067399,25.315828
25.318855,-0.061538,25.318855
25.322002,-0.061538,25.322002
25.324924,-0.061538,25.324924
25.327914,-0.067399,25.327914
25.330923,-0.067399,25.330923
25.333852,-0.067399,25.333852
25.337004,-0.067399,25.337004
25.339890,-0.061538,25.339890
25.342891,-0.067399,25.342891
25.345858,-0.067399,25.345858
25.348981,-0.067399,25.348981
25.351419,-0.067399,25.351419
25.353914,-0.067399,25.353914
25.356910,-0.067399,25.356910
25.359951,-0.067399,25.359951
25.363000,-0.067399,25.363000
25.365448,-0.067399,25.365448
25.368427,-0.067399,25.368427
25.371043,-0.067399,25.371043
25.373971,-0.067399,25.373971
25.377044,-0.067399,25.377044
25.385938,-0.061538,25.385938
25.389058,-0.067399,25.389058
25.391463,-0.067399,25.391463
25.394505,-0.061538,25.394505
25.397482,-0.061538,25.397482
25.400558,-0.061538,25.400558
25.404881,-0.061538,25.404881
25.411332,-0.061538,25.411332
25.414738,-0.061538,25.414738
25.417526,-0.061538,25.417526
25.420514,-0.061538,25.420514
25.423519,-0.067399,25.423519
25.426484,-0.067399,25.426484
25.429604,-0.067399,25.429604
25.431979,-0.067399,25.431979
25.435020,-0.067399,25.435020
25.438009,-0.067399,25.438009
25.441106,-0.067399,25.441106
25.444055,-0.067399,25.444055
25.447009,-0.067399,25.447009
25.450099,-0.067399,25.450099
25.453065,-0.061538,25.453065
25.456063,-0.061538,25.456063
25.459005,-0.067399,25.459005
25.461491,-0.061538,25.461491
25.464488,-0.061538,25.464488
25.467577,-0.061538,25.467577
25.470600,-0.061538,25.470600
25.473514,-0.061538,25.473514
25.476570,-0.067399,25.476570
25.479591,-0.067399,25.479591
25.488074,-0.067399,25.488074
25.491065,-0.067399,25.491065
25.494035,-0.067399,25.494035
25.497177,-0.067399,25.497177
25.500091,-0.067399,25.500091
25.503058,-0.067399,25.503058
25.506104,-0.067399,25.506104
25.509205,-0.067399,25.509205
25.511634,-0.067399,25.511634
25.514594,-0.067399,25.514594
25.517661,-0.061538,25.517661
25.520581,-0.061538,25.520581
25.523635,-0.061538,25.523635
25.526587,-0.061538,25.526587
25.530181,-0.067399,25.530181
25.536625,-0.061538,25.536625
25.539722,-0.061538,25.539722
25.542133,-0.061538,25.542133
25.545133,-0.067399,25.545133
25.548270,-0.067399,25.548270
25.551147,-0.067399,25.551147
25.554088,-0.067399,25.554088
25.557056,-0.061538,25.557056
25.560137,-0.067399,25.560137
25.563280,-0.067399,25.563280
25.566157,-0.067399,25.566157
25.569060,-0.067399,25.569060
25.571610,-0.061538,25.571610
25.574793,-0.061538,25.574793
25.577692,-0.061538,25.577692
25.580659,-0.061538,25.580659
25.589674,-0.061538,25.589674
25.592184,-0.061538,25.592184
25.595140,-0.061538,25.595140
25.598115,-0.055678,25.598115
25.601238,-0.061538,25.601238
25.604171,-0.061538,25.604171
25.607182,-0.067399,25.607182
25.610109,-0.067399,25.610109
25.613243,-0.067399,25.613243
25.616273,-0.067399,25.616273
25.619144,-0.061538,25.619144
25.621666,-0.061538,25.621666
25.624635,-0.067399,25.624635
25.627701,-0.067399,25.627701
25.630759,-0.061538,25.630759
25.633635,-0.061538,25.633635
25.636732,-0.067399,25.636732
25.639706,-0.067399,25.639706
25.642325,-0.067399,25.642325
25.645181,-0.061538,25.645181
25.648200,-0.067399,25.648200
25.650792,-0.061538,25.650792
25.655768,-0.061538,25.655768
25.663168,-0.067399,25.663168
25.666073,-0.061538,25.666073
25.668896,-0.061538,25.668896
25.671803,-0.061538,25.671803
25.674737,-0.067399,25.674737
25.677698,-0.067399,25.677698
25.680781,-0.067399,25.680781
25.689718,-0.067399,25.689718
25.692246,-0.061538,25.692246
25.695348,-0.061538,25.695348
25.698378,-0.061538,25.698378
25.700820,-0.061538,25.700820
25.703776,-0.067399,25.703776
25.706802,-0.061538,25.706802
25.709842,-0.067399,25.709842
25.712293,-0.067399,25.712293
25.715345,-0.061538,25.715345
25.718329,-0.067399,25.718329
25.720973,-0.061538,25.720973
25.723893,-0.061538,25.723893
25.726822,-0.061538,25.726822
25.729962,-0.061538,25.729962
25.732341,-0.061538,25.732341
25.735536,-0.061538,25.735536
25.738424,-0.061538,25.738424
25.740893,-0.067399,25.740893
25.743830,-0.061538,25.743830
25.746869,-0.067399,25.746869
25.749974,-0.067399,25.749974
25.752883,-0.067399,25.752883
25.755364,-0.067399,25.755364
25.758348,-0.061538,25.758348
25.760954,-0.067399,25.760954
25.763962,-0.061538,25.763962
25.766923,-0.061538,25.766923
25.769931,-0.061538,25.769931
25.772869,-0.067399,25.772869
25.776072,-0.067399,25.776072
25.779643,-0.067399,25.779643
25.786315,-0.073260,25.786315
25.795880,-0.067399,25.795880
25.798979,-0.067399,25.798979
25.801576,-0.061538,25.801576
25.804438,-0.061538,25.804438
25.807451,-0.061538,25.807451
25.810395,-0.067399,25.810395
25.813425,-0.061538,25.813425
25.816476,-0.061538,25.816476
25.819423,-0.061538,25.819423
25.821904,-0.067399,25.821904
25.824916,-0.067399,25.824916
25.827921,-0.067399,25.827921
25.831016,-0.067399,25.831016
25.833936,-0.067399,25.833936
25.836919,-0.067399,25.836919
25.839928,-0.061538,25.839928
25.843051,-0.061538,25.843051
25.845932,-0.061538,25.845932
25.848931,-0.067399,25.848931
25.851466,-0.067399,25.851466
25.854677,-0.067399,25.854677
25.857460,-0.067399,25.857460
25.860431,-0.067399,25.860431
25.863495,-0.067399,25.863495
25.866469,-0.067399,25.866469
25.869478,-0.067399,25.869478
25.871957,-0.067399,25.871957
25.874925,-0.067399,25.874925
25.877953,-0.067399,25.877953
25.881032,-0.067399,25.881032
25.884036,-0.061538,25.884036
25.886991,-0.061538,25.886991
25.896137,-0.061538,25.896137
25.898999,-0.067399,25.898999
25.903864,-0.067399,25.903864
25.910910,-0.061538,25.910910
25.913994,-0.061538,25.913994
25.916504,-0.061538,25.916504
25.919546,-0.061538,25.919546
25.921996,-0.067399,25.921996
25.924919,-0.067399,25.924919
25.927852,-0.067399,25.927852
25.930853,-0.067399,25.930853
25.933882,-0.067399,25.933882
25.936898,-0.067399,25.936898
25.939816,-0.067399,25.939816
25.942331,-0.061538,25.942331
25.945305,-0.061538,25.945305
25.948529,-0.061538,25.948529
25.950896,-0.061538,25.950896
25.953915,-0.061538,25.953915
25.956373,-0.061538,25.956373
25.959381,-0.067399,25.959381
25.962013,-0.067399,25.962013
25.965021,-0.067399,25.965021
25.967880,-0.067399,25.967880
25.970913,-0.067399,25.970913
25.973876,-0.067399,25.973876
25.976986,-0.061538,25.976986
25.979988,-0.061538,25.979988
25.982917,-0.061538,25.982917
25.985886,-0.067399,25.985886
25.989190,-0.067399,25.989190
25.997477,-0.067399,25.997477
26.000503,-0.061538,26.000503
26.003637,-0.061538,26.003637
26.006525,-0.067399,26.006525
26.009502,-0.067399,26.009502
26.012052,-0.067399,26.012052
26.015097,-0.067399,26.015097
26.018041,-0.067399,26.018041
26.021061,-0.067399,26.021061
26.024049,-0.067399,26.024049
26.030431,-0.067399,26.030431
26.037626,-0.061538,26.037626
26.040418,-0.067399,26.040418
26.043659,-0.061538,26.043659
26.046064,-0.067399,26.046064
26.049075,-0.061538,26.049075
26.051528,-0.061538,26.051528
26.054680,-0.061538,26.054680
26.057079,-0.061538,26.057079
26.060113,-0.061538,26.060113
26.063037,-0.067399,26.063037
26.066060,-0.061538,26.066060
26.069155,-0.067399,26.069155
26.071663,-0.061538,26.071663
26.074689,-0.061538,26.074689
26.077620,-0.061538,26.077620
26.080605,-0.067399,26.080605
26.083644,-0.061538,26.083644
26.086620,-0.061538,26.086620
26.089759,-0.061538,26.089759
26.098581,-0.061538,26.098581
26.101121,-0.067399,26.101121
26.104058,-0.067399,26.104058
26.107095,-0.061538,26.107095
26.110222,-0.067399,26.110222
26.113091,-0.061538,26.113091
26.116075,-0.067399,26.116075
26.119124,-0.067399,26.119124
26.121712,-0.067399,26.121712
26.124663,-0.067399,26.124663
26.127610,-0.061538,26.127610
26.130603,-0.061538,26.130603
26.133601,-0.061538,26.133601
26.136703,-0.061538,26.136703
26.139666,-0.061538,26.139666
26.142300,-0.061538,26.142300
26.145140,-0.061538,26.145140
26.148304,-0.061538,26.148304
26.154003,-0.061538,26.154003
26.162105,-0.067399,26.162105
26.165361,-0.067399,26.165361
26.167994,-0.067399,26.167994
26.170929,-0.067399,26.170929
26.173939,-0.061538,26.173939
26.176958,-0.061538,26.176958
26.179946,-0.067399,26.179946
26.182910,-0.067399,26.182910
26.185948,-0.061538,26.185948
26.189040,-0.067399,26.189040
26.191475,-0.067399,26.191475
26.200420,-0.067399,26.200420
26.203529,-0.067399,26.203529
26.206446,-0.061538,26.206446
26.209470,-0.061538,26.209470
26.211911,-0.061538,26.211911
26.215073,-0.061538,26.215073
26.218009,-0.061538,26.218009
26.220991,-0.067399,26.220991
26.223955,-0.067399,26.223955
26.226925,-0.061538,26.226925
26.230060,-0.061538,26.230060
26.232966,-0.061538,26.232966
26.235985,-0.067399,26.235985
26.238972,-0.061538,26.238972
26.242130,-0.061538,26.242130
26.245115,-0.067399,26.245115
26.247993,-0.067399,26.247993
26.251405,-0.061538,26.251405
26.254459,-0.061538,26.254459
26.257426,-0.067399,26.257426
26.260555,-0.067399,26.260555
26.263397,-0.067399,26.263397
26.266328,-0.061538,26.266328
26.269494,-0.061538,26.269494
26.271849,-0.061538,26.271849
26.274885,-0.061538,26.274885
26.278394,-0.067399,26.278394
26.285927,-0.067399,26.285927
26.289040,-0.067399,26.289040
26.291969,-0.067399,26.291969
26.301048,-0.061538,26.301048
26.303979,-0.067399,26.303979
26.306982,-0.067399,26.306982
26.310294,-0.073260,26.310294
26.312981,-0.067399,26.312981
26.315943,-0.067399,26.315943
26.318923,-0.061538,26.318923
26.322164,-0.067399,26.322164
26.324987,-0.061538,26.324987
26.327963,-0.061538,26.327963
26.331011,-0.067399,26.331011
26.333980,-0.067399,26.333980
26.337152,-0.061538,26.337152
26.340002,-0.067399,26.340002
26.342924,-0.067399,26.342924
26.345967,-0.067399,26.345967
26.349063,-0.067399,26.349063
26.351646,-0.061538,26.351646
26.354474,-0.061538,26.354474
26.357502,-0.061538,26.357502
26.360524,-0.067399,26.360524
26.363659,-0.067399,26.363659
26.365996,-0.061538,26.365996
26.368655,-0.061538,26.368655
26.371054,-0.067399,26.371054
26.374159,-0.067399,26.374159
26.377432,-0.067399,26.377432
26.380107,-0.067399,26.380107
26.383192,-0.067399,26.383192
26.386119,-0.061538,26.386119
26.389219,-0.061538,26.389219
26.391651,-0.067399,26.391651
26.394620,-0.061538,26.394620
26.404222,-0.061538,26.404222
26.410821,-0.067399,26.410821
26.414032,-0.067399,26.414032
26.416745,-0.067399,26.416745
26.419676,-0.067399,26.419676
26.422114,-0.067399,26.422114
26.425210,-0.067399,26.425210
26.428206,-0.067399,26.428206
26.431210,-0.067399,26.431210
26.434145,-0.067399,26.434145
26.437109,-0.061538,26.437109
26.440130,-0.061538,26.440130
26.443413,-0.061538,26.443413
26.446277,-0.067399,26.446277
26.449203,-0.067399,26.449203
26.451631,-0.061538,26.451631
26.454768,-0.061538,26.454768
26.457671,-0.061538,26.457671
26.460641,-0.061538,26.460641
26.463608,-0.061538,26.463608
26.466630,-0.061538,26.466630
26.469707,-0.061538,26.469707
26.472127,-0.061538,26.472127
26.475127,-0.061538,26.475127
26.478165,-0.061538,26.478165
26.481242,-0.061538,26.481242
26.484212,-0.067399,26.484212
26.487251,-0.067399,26.487251
26.490181,-0.067399,26.490181
26.493211,-0.067399,26.493211
26.496493,-0.067399,26.496493
26.504628,-0.067399,26.504628
26.507784,-0.067399,26.507784
26.510738,-0.067399,26.510738
26.513691,-0.061538,26.513691
26.516643,-0.061538,26.516643
26.519722,-0.061538,26.519722
26.522342,-0.061538,26.522342
26.526597,-0.061538,26.526597
26.532934,-0.061538,26.532934
26.537086,-0.061538,26.537086
26.540286,-0.061538,26.540286
26.543293,-0.061538,26.543293
26.546223,-0.061538,26.546223
26.549308,-0.061538,26.549308
26.551753,-0.061538,26.551753
26.554691,-0.061538,26.554691
26.557735,-0.061538,26.557735
26.560669,-0.061538,26.560669
26.563989,-0.067399,26.563989
26.566687,-0.061538,26.566687
26.569728,-0.067399,26.569728
26.572221,-0.067399,26.572221
26.575315,-0.067399,26.575315
26.578236,-0.067399,26.578236
26.580786,-0.061538,26.580786
26.583839,-0.061538,26.583839
26.586799,-0.067399,26.586799
26.589867,-0.067399,26.589867
26.592281,-0.067399,26.592281
26.595292,-0.061538,26.595292
26.598286,-0.067399,26.598286
26.606885,-0.067399,26.606885
26.609869,-0.067399,26.609869
26.612370,-0.067399,26.612370
26.615528,-0.073260,26.615528
26.618469,-0.067399,26.618469
26.620913,-0.073260,26.620913
26.623936,-0.073260,26.623936
26.626953,-0.073260,26.626953
26.630139,-0.067399,26.630139
26.632894,-0.067399,26.632894
26.635908,-0.067399,26.635908
26.638868,-0.061538,26.638868
26.642065,-0.067399,26.642065
26.644916,-0.061538,26.644916
26.649435,-0.061538,26.649435
26.656848,-0.067399,26.656848
26.659941,-0.061538,26.659941
26.662504,-0.061538,26.662504
26.665439,-0.061538,26.665439
26.668516,-0.061538,26.668516
26.670954,-0.061538,26.670954
26.673906,-0.061538,26.673906
26.676991,-0.061538,26.676991
26.679972,-0.067399,26.679972
26.683052,-0.067399,26.683052
26.685963,-0.067399,26.685963
26.688937,-0.067399,26.688937
26.691413,-0.067399,26.691413
26.694515,-0.067399,26.694515
26.697482,-0.067399,26.697482
26.700448,-0.067399,26.700448
26.709483,-0.067399,26.709483
26.711982,-0.061538,26.711982
26.714957,-0.067399,26.714957
26.717928,-0.067399,26.717928
26.720947,-0.067399,26.720947
26.724061,-0.067399,26.724061
26.726940,-0.067399,26.726940
26.729927,-0.067399,26.729927
26.732934,-0.067399,26.732934
26.736036,-0.067399,26.736036
26.739105,-0.067399,26.739105
26.741458,-0.067399,26.741458
26.744439,-0.067399,26.744439
26.747707,-0.067399,26.747707
26.750536,-0.067399,26.750536
26.753541,-0.061538,26.753541
26.756494,-0.061538,26.756494
26.758968,-0.061538,26.758968
26.761556,-0.061538,26.761556
26.764523,-0.067399,26.764523
26.767503,-0.067399,26.767503
26.772180,-0.061538,26.772180
26.774480,-0.061538,26.774480
26.780739,-0.061538,26.780739
26.783659,-0.061538,26.783659
26.786673,-0.061538,26.786673
26.789571,-0.061538,26.789571
26.791967,-0.061538,26.791967
26.795211,-0.061538,26.795211
26.798033,-0.061538,26.798033
26.801045,-0.061538,26.801045
26.809994,-0.061538,26.809994
26.813017,-0.061538,26.813017
26.816072,-0.067399,26.816072
26.819071,-0.067399,26.819071
26.821555,-0.067399,26.821555
26.824544,-0.067399,26.824544
26.827618,-0.067399,26.827618
26.830669,-0.061538,26.830669
26.833691,-0.067399,26.833691
26.836544,-0.067399,26.836544
26.839528,-0.067399,26.839528
26.842130,-0.067399,26.842130
26.845089,-0.067399,26.845089
26.848024,-0.067399,26.848024
26.851030,-0.067399,26.851030
26.854010,-0.067399,26.854010
26.857046,-0.067399,26.857046
26.859512,-0.067399,26.859512
26.862092,-0.067399,26.862092
26.865042,-0.067399,26.865042
26.868388,-0.067399,26.868388
26.871068,-0.067399,26.871068
26.874045,-0.067399,26.874045
26.877037,-0.067399,26.877037
26.880071,-0.067399,26.880071
26.883124,-0.067399,26.883124
26.886080,-0.067399,26.886080
26.889077,-0.067399,26.889077
26.891668,-0.067399,26.891668
26.897524,-0.067399,26.897524
26.905037,-0.067399,26.905037
26.914628,-0.067399,26.914628
26.917590,-0.061538,26.917590
26.920648,-0.067399,26.920648
26.923696,-0.067399,26.923696
26.926738,-0.067399,26.926738
26.929574,-0.061538,26.929574
26.932076,-0.067399,26.932076
26.935215,-0.067399,26.935215
26.938116,-0.067399,26.938116
26.941145,-0.061538,26.941145
26.944101,-0.067399,26.944101
26.947082,-0.067399,26.947082
26.950164,-0.067399,26.950164
26.953076,-0.067399,26.953076
26.956124,-0.061538,26.956124
26.959058,-0.067399,26.959058
26.961682,-0.061538,26.961682
26.964651,-0.061538,26.964651
26.967658,-0.061538,26.967658
26.970643,-0.061538,26.970643
26.973652,-0.067399,26.973652
26.976696,-0.067399,26.976696
26.979662,-0.061538,26.979662
26.982109,-0.067399,26.982109
26.985084,-0.067399,26.985084
26.988302,-0.061538,26.988302
26.991183,-0.067399,26.991183
26.994102,-0.061538,26.994102
26.996631,-0.061538,26.996631
26.999666,-0.055678,26.999666
27.002293,-0.061538,27.002293
27.005228,-0.061538,27.005228
27.014209,-0.061538,27.014209
27.017299,-0.061538,27.017299
27.021923,-0.061538,27.021923
27.024176,-0.061538,27.024176
27.029618,-0.067399,27.029618
27.032502,-0.067399,27.032502
27.035158,-0.067399,27.035158
27.038197,-0.061538,27.038197
27.041288,-0.067399,27.041288
27.044250,-0.067399,27.044250
27.047251,-0.067399,27.047251
27.050191,-0.067399,27.050191
27.053169,-0.067399,27.053169
27.056227,-0.067399,27.056227
27.059182,-0.061538,27.059182
27.061750,-0.067399,27.061750
27.064683,-0.067399,27.064683
27.067770,-0.067399,27.067770
27.070724,-0.067399,27.070724
27.073715,-0.061538,27.073715
27.076704,-0.061538,27.076704
27.079730,-0.067399,27.079730
27.082398,-0.061538,27.082398
27.085296,-0.061538,27.085296
27.088229,-0.061538,27.088229
27.090789,-0.061538,27.090789
27.093838,-0.061538,27.093838
27.096838,-0.067399,27.096838
27.099808,-0.061538,27.099808
27.102262,-0.061538,27.102262
27.105277,-0.067399,27.105277
27.113886,-0.067399,27.113886
27.116853,-0.067399,27.116853
27.119896,-0.067399,27.119896
27.122493,-0.067399,27.122493
27.125556,-0.067399,27.125556
27.128513,-0.067399,27.128513
27.131026,-0.067399,27.131026
27.134053,-0.061538,27.134053
27.137087,-0.061538,27.137087
27.140050,-0.061538,27.140050
27.143058,-0.067399,27.143058
27.148504,-0.067399,27.148504
27.155633,-0.067399,27.155633
27.159298,-0.067399,27.159298
27.162262,-0.067399,27.162262
27.165160,-0.067399,27.165160
27.168058,-0.067399,27.168058
27.171033,-0.067399,27.171033
27.174026,-0.067399,27.174026
27.177251,-0.061538,27.177251
27.180057,-0.061538,27.180057
27.183014,-0.061538,27.183014
27.186034,-0.067399,27.186034
27.189243,-0.067399,27.189243
27.191567,-0.067399,27.191567
27.194688,-0.067399,27.194688
27.197685,-0.067399,27.197685
27.200595,-0.061538,27.200595
27.203744,-0.067399,27.203744
27.206689,-0.067399,27.206689
27.215126,-0.061538,27.215126
27.218073,-0.067399,27.218073
27.221101,-0.061538,27.221101
27.224255,-0.067399,27.224255
27.227087,-0.061538,27.227087
27.230153,-0.067399,27.230153
27.233074,-0.067399,27.233074
27.236049,-0.067399,27.236049
27.239312,-0.067399,27.239312
27.241753,-0.067399,27.241753
27.244690,-0.067399,27.244690
27.247590,-0.067399,27.247590
27.250560,-0.061538,27.250560
27.253601,-0.061538,27.253601
27.256689,-0.061538,27.256689
27.259109,-0.061538,27.259109
27.261664,-0.061538,27.261664
27.264650,-0.061538,27.264650
27.267712,-0.061538,27.267712
27.272532,-0.061538,27.272532
27.279639,-0.061538,27.279639
27.283765,-0.061538,27.283765
27.286236,-0.061538,27.286236
27.289233,-0.067399,27.289233
27.291680,-0.061538,27.291680
27.294727,-0.067399,27.294727
27.297648,-0.067399,27.297648
27.300697,-0.061538,27.300697
27.303713,-0.067399,27.303713
27.306677,-0.067399,27.306677
27.309685,-0.067399,27.309685
27.318189,-0.067399,27.318189
27.321225,-0.067399,27.321225
27.324216,-0.067399,27.324216
27.327158,-0.067399,27.327158
27.330198,-0.061538,27.330198
27.333251,-0.061538,27.333251
27.336246,-0.061538,27.336246
27.339151,-0.061538,27.339151
27.341667,-0.067399,27.341667
27.344661,-0.067399,27.344661
27.347738,-0.067399,27.347738
27.350754,-0.067399,27.350754
27.353691,-0.067399,27.353691
27.356697,-0.067399,27.356697
27.359181,-0.061538,27.359181
27.361772,-0.061538,27.361772
27.364883,-0.067399,27.364883
27.367754,-0.061538,27.367754
27.370740,-0.061538,27.370740
27.373729,-0.061538,27.373729
27.376803,-0.061538,27.376803
27.379730,-0.067399,27.379730
27.382222,-0.067399,27.382222
27.385191,-0.067399,27.385191
27.388281,-0.067399,27.388281
27.390899,-0.067399,27.390899
27.393943,-0.067399,27.393943
27.399986,-0.067399,27.399986
27.402453,-0.067399,27.402453
27.414394,-0.067399,27.414394
27.423613,-0.067399,27.423613
27.426505,-0.067399,27.426505
27.429671,-0.067399,27.429671
27.432518,-0.067399,27.432518
27.435324,-0.067399,27.435324
27.438302,-0.067399,27.438302
27.440991,-0.067399,27.440991
27.444064,-0.067399,27.444064
27.446946,-0.061538,27.446946
27.449957,-0.061538,27.449957
27.452457,-0.067399,27.452457
27.455699,-0.067399,27.455699
27.458503,-0.067399,27.458503
27.461015,-0.067399,27.461015
27.463955,-0.061538,27.463955
27.466954,-0.067399,27.466954
27.470012,-0.061538,27.470012
27.472460,-0.061538,27.472460
27.475508,-0.067399,27.475508
27.478429,-0.067399,27.478429
27.481063,-0.067399,27.481063
27.484105,-0.067399,27.484105
27.487020,-0.067399,27.487020
27.489997,-0.061538,27.489997
27.492963,-0.067399,27.492963
27.496172,-0.061538,27.496172
27.498975,-0.061538,27.498975
27.501481,-0.061538,27.501481
27.504523,-0.061538,27.504523
27.507599,-0.061538,27.507599
27.510531,-0.061538,27.510531
27.513510,-0.067399,27.513510
27.516567,-0.067399,27.516567
27.529273,-0.067399,27.529273
27.532293,-0.067399,27.532293
27.535444,-0.067399,27.535444
27.538063,-0.067399,27.538063
27.541038,-0.067399,27.541038
27.544046,-0.067399,27.544046
27.547034,-0.067399,27.547034
27.550288,-0.061538,27.550288
27.553055,-0.067399,27.553055
27.556058,-0.067399,27.556058
27.559026,-0.067399,27.559026
27.561670,-0.067399,27.561670
27.564611,-0.067399,27.564611
27.567572,-0.067399,27.567572
27.570567,-0.067399,27.570567
27.573580,-0.067399,27.573580
27.576575,-0.067399,27.576575
27.579561,-0.067399,27.579561
27.582189,-0.067399,27.582189
27.585102,-0.067399,27.585102
27.588125,-0.067399,27.588125
27.591147,-0.061538,27.591147
27.594068,-0.067399,27.594068
27.597127,-0.067399,27.597127
27.600104,-0.067399,27.600104
27.603166,-0.067399,27.603166
27.606073,-0.067399,27.606073
27.609085,-0.061538,27.609085
27.611577,-0.061538,27.611577
27.614901,-0.061538,27.614901
27.617622,-0.067399,27.617622
27.626646,-0.061538,27.626646
27.629719,-0.061538,27.629719
27.632089,-0.067399,27.632089
27.635134,-0.067399,27.635134
27.638129,-0.061538,27.638129
27.641190,-0.067399,27.641190
27.647090,-0.061538,27.647090
27.653769,-0.061538,27.653769
27.657405,-0.067399,27.657405
27.660212,-0.067399,27.660212
27.663168,-0.067399,27.663168
27.666068,-0.067399,27.666068
27.669284,-0.067399,27.669284
27.671689,-0.067399,27.671689
27.674704,-0.067399,27.674704
27.677612,-0.067399,27.677612
27.680697,-0.067399,27.680697
27.683705,-0.061538,27.683705
27.686713,-0.061538,27.686713
27.689714,-0.061538,27.689714
27.692163,-0.067399,27.692163
27.695238,-0.067399,27.695238
27.698251,-0.061538,27.698251
27.701185,-0.061538,27.701185
27.704153,-0.061538,27.704153
27.707224,-0.061538,27.707224
27.710186,-0.061538,27.710186
27.713114,-0.061538,27.713114
27.716107,-0.061538,27.716107
27.719137,-0.061538,27.719137
27.727655,-0.061538,27.727655
27.730690,-0.061538,27.730690
27.733706,-0.067399,27.733706
27.736764,-0.061538,27.736764
27.739683,-0.067399,27.739683
27.742141,-0.061538,27.742141
27.745123,-0.061538,27.745123
27.748252,-0.061538,27.748252
27.751238,-0.067399,27.751238
27.754173,-0.067399,27.754173
27.757205,-0.061538,27.757205
27.760150,-0.061538,27.760150
27.763239,-0.061538,27.763239
27.766176,-0.061538,27.766176
27.770904,-0.061538,27.770904
27.773638,-0.061538,27.773638
27.779610,-0.061538,27.779610
27.782602,-0.067399,27.782602
27.785223,-0.067399,27.785223
27.788299,-0.067399,27.788299
27.791192,-0.061538,27.791192
27.794168,-0.067399,27.794168
27.797171,-0.067399,27.797171
27.800201,-0.067399,27.800201
27.803267,-0.061538,27.803267
27.806144,-0.061538,27.806144
27.809183,-0.061538,27.809183
27.812211,-0.061538,27.812211
27.815330,-0.061538,27.815330
27.818178,-0.061538,27.818178
27.821254,-0.067399,27.821254
27.830318,-0.067399,27.830318
27.833251,-0.067399,27.833251
27.836218,-0.067399,27.836218
27.839223,-0.067399,27.839223
27.842362,-0.073260,27.842362
27.845312,-0.073260,27.845312
27.848203,-0.073260,27.848203
27.851248,-0.067399,27.851248
27.854311,-0.067399,27.854311
27.857317,-0.067399,27.857317
27.860226,-0.061538,27.860226
27.863296,-0.061538,27.863296
27.866226,-0.061538,27.866226
27.869397,-0.061538,27.869397
27.872286,-0.067399,27.872286
27.875216,-0.061538,27.875216
27.878252,-0.061538,27.878252
27.880894,-0.067399,27.880894
27.883870,-0.061538,27.883870
27.886837,-0.067399,27.886837
27.889774,-0.067399,27.889774
27.895207,-0.067399,27.895207
27.902693,-0.067399,27.902693
27.905911,-0.061538,27.905911
27.909077,-0.067399,27.909077
27.911373,-0.067399,27.911373
27.914383,-0.067399,27.914383
27.917365,-0.067399,27.917365
27.920392,-0.061538,27.920392
27.923586,-0.061538,27.923586
27.931882,-0.061538,27.931882
27.934981,-0.067399,27.934981
27.937947,-0.061538,27.937947
27.940928,-0.061538,27.940928
27.943924,-0.061538,27.943924
27.946936,-0.067399,27.946936
27.950007,-0.067399,27.950007
27.952433,-0.061538,27.952433
27.955484,-0.061538,27.955484
27.958423,-0.061538,27.958423
27.961092,-0.061538,27.961092
27.964102,-0.061538,27.964102
27.966992,-0.061538,27.966992
27.970111,-0.067399,27.970111
27.973017,-0.061538,27.973017
27.976187,-0.061538,27.976187
27.979071,-0.067399,27.979071
27.982029,-0.061538,27.982029
27.984998,-0.061538,27.984998
27.988325,-0.061538,27.988325
27.991092,-0.061538,27.991092
27.994060,-0.061538,27.994060
27.996539,-0.061538,27.996539
27.999532,-0.067399,27.999532
28.002294,-0.061538,28.002294
28.005133,-0.061538,28.005133
28.008072,-0.061538,28.008072
28.011083,-0.067399,28.011083
28.014096,-0.061538,28.014096
28.019056,-0.067399,28.019056
28.026285,-0.067399,28.026285
28.035663,-0.067399,28.035663
28.038604,-0.067399,28.038604
28.041278,-0.067399,28.041278
28.044223,-0.067399,28.044223
28.047151,-0.067399,28.047151
28.050296,-0.067399,28.050296
28.053109,-0.067399,28.053109
28.056192,-0.061538,28.056192
28.059092,-0.067399,28.059092
28.061705,-0.061538,28.061705
28.064747,-0.061538,28.064747
28.067755,-0.061538,28.067755
28.070698,-0.061538,28.070698
28.073701,-0.061538,28.073701
28.076690,-0.067399,28.076690
28.079731,-0.061538,28.079731
28.082280,-0.061538,28.082280
28.085181,-0.061538,28.085181
28.088131,-0.061538,28.088131
28.091149,-0.061538,28.091149
28.094315,-0.061538,28.094315
28.097228,-0.067399,28.097228
28.100138,-0.067399,28.100138
28.103183,-0.067399,28.103183
28.106114,-0.061538,28.106114
28.109375,-0.061538,28.109375
28.111696,-0.067399,28.111696
28.114703,-0.067399,28.114703
28.117699,-0.067399,28.117699
28.120689,-0.067399,28.120689
28.123743,-0.067399,28.123743
28.126770,-0.067399,28.126770
28.135374,-0.067399,28.135374
28.138361,-0.061538,28.138361
28.142805,-0.061538,28.142805
28.150222,-0.061538,28.150222
28.153255,-0.067399,28.153255
28.155925,-0.067399,28.155925
28.158882,-0.067399,28.158882
28.162064,-0.061538,28.162064
28.164872,-0.067399,28.164872
28.167886,-0.067399,28.167886
28.170870,-0.061538,28.170870
28.173932,-0.061538,28.173932
28.176901,-0.061538,28.176901
28.179878,-0.061538,28.179878
28.182359,-0.067399,28.182359
28.185377,-0.067399,28.185377
28.188559,-0.061538,28.188559
28.190920,-0.067399,28.190920
28.193917,-0.061538,28.193917
28.196880,-0.067399,28.196880
28.199913,-0.067399,28.199913
28.202707,-0.067399,28.202707
28.205443,-0.061538,28.205443
28.208425,-0.061538,28.208425
28.210955,-0.061538,28.210955
28.213958,-0.067399,28.213958
28.217022,-0.061538,28.217022
28.220002,-0.061538,28.220002
28.222450,-0.067399,28.222450
28.225505,-0.067399,28.225505
28.228578,-0.067399,28.228578
28.237042,-0.061538,28.237042
28.240058,-0.061538,28.240058
28.243081,-0.061538,28.243081
28.246038,-0.061538,28.246038
28.249009,-0.067399,28.249009
28.251553,-0.061538,28.251553
28.254616,-0.061538,28.254616
28.257583,-0.061538,28.257583
28.260520,-0.061538,28.260520
28.263056,-0.067399,28.263056
28.270148,-0.067399,28.270148
28.277169,-0.067399,28.277169
28.280335,-0.067399,28.280335
28.283266,-0.061538,28.283266
28.286091,-0.067399,28.286091
28.289075,-0.067399,28.289075
28.291608,-0.067399,28.291608
28.294750,-0.067399,28.294750
28.297888,-0.067399,28.297888
28.300596,-0.067399,28.300596
28.303549,-0.067399,28.303549
28.306558,-0.067399,28.306558
28.309568,-0.067399,28.309568
28.312061,-0.067399,28.312061
28.315054,-0.067399,28.315054
28.318052,-0.067399,28.318052
28.321112,-0.067399,28.321112
28.324088,-0.067399,28.324088
28.327058,-0.061538,28.327058
28.330131,-0.067399,28.330131
28.339044,-0.067399,28.339044
28.341599,-0.067399,28.341599
28.344620,-0.067399,28.344620
28.347622,-0.067399,28.347622
28.350589,-0.061538,28.350589
28.353584,-0.061538,28.353584
28.356537,-0.067399,28.356537
28.359601,-0.067399,28.359601
28.362743,-0.067399,28.362743
28.365590,-0.061538,28.365590
28.368544,-0.061538,28.368544
28.371082,-0.061538,28.371082
28.374059,-0.061538,28.374059
28.377131,-0.061538,28.377131
28.380071,-0.061538,28.380071
28.383063,-0.061538,28.383063
28.386048,-0.061538,28.386048
28.389216,-0.061538,28.389216
28.394759,-0.061538,28.394759
28.401264,-0.067399,28.401264
28.403712,-0.067399,28.403712
28.406755,-0.061538,28.406755
28.409597,-0.061538,28.409597
28.412147,-0.061538,28.412147
28.415163,-0.061538,28.415163
28.418120,-0.061538,28.418120
28.421101,-0.061538,28.421101
28.424224,-0.067399,28.424224
28.427143,-0.061538,28.427143
28.430175,-0.061538,28.430175
28.439132,-0.067399,28.439132
28.441764,-0.067399,28.441764
28.444660,-0.067399,28.444660
28.447625,-0.061538,28.447625
28.450626,-0.061538,28.450626
28.453723,-0.061538,28.453723
28.456704,-0.067399,28.456704
28.459699,-0.067399,28.459699
28.462624,-0.061538,28.462624
28.465610,-0.055678,28.465610
28.468822,-0.055678,28.468822
28.471191,-0.055678,28.471191
28.474125,-0.061538,28.474125
28.477208,-0.061538,28.477208
28.480146,-0.061538,28.480146
28.483208,-0.061538,28.483208
28.486181,-0.061538,28.486181
28.489156,-0.061538,28.489156
28.491716,-0.061538,28.491716
28.494833,-0.061538,28.494833
28.497698,-0.061538,28.497698
28.500759,-0.061538,28.500759
28.503706,-0.061538,28.503706
28.506708,-0.061538,28.506708
28.509736,-0.061538,28.509736
28.512180,-0.067399,28.512180
28.517509,-0.067399,28.517509
28.525411,-0.061538,28.525411
28.528366,-0.061538,28.528366
28.531472,-0.061538,28.531472
28.540222,-0.061538,28.540222
28.543212,-0.061538,28.543212
28.546188,-0.067399,28.546188
28.549461,-0.061538,28.549461
28.551747,-0.061538,28.551747
28.554703,-0.067399,28.554703
28.557696,-0.067399,28.557696
28.560690,-0.061538,28.560690
28.563745,-0.061538,28.563745
28.566607,-0.061538,28.566607
28.569620,-0.061538,28.569620
28.572705,-0.067399,28.572705
28.575758,-0.067399,28.575758
28.578766,-0.061538,28.578766
28.581456,-0.061538,28.581456
28.584428,-0.061538,28.584428
28.587429,-0.067399,28.587429
28.590500,-0.067399,28.590500
28.593477,-0.061538,28.593477
28.596457,-0.061538,28.596457
28.599479,-0.061538,28.599479
28.601888,-0.061538,28.601888
28.604791,-0.061538,28.604791
28.607852,-0.061538,28.607852
28.610829,-0.061538,28.610829
28.613765,-0.067399,28.613765
28.616851,-0.061538,28.616851
28.619741,-0.067399,28.619741
28.622846,-0.061538,28.622846
28.625718,-0.061538,28.625718
28.628845,-0.061538,28.628845
28.631296,-0.067399,28.631296
28.634278,-0.067399,28.634278
28.646936,-0.067399,28.646936
28.650113,-0.067399,28.650113
28.653391,-0.067399,28.653391
28.656433,-0.067399,28.656433
28.659318,-0.067399,28.659318
28.662472,-0.061538,28.662472
28.665519,-0.067399,28.665519
28.668630,-0.061538,28.668630
28.671117,-0.061538,28.671117
28.674064,-0.055678,28.674064
28.677044,-0.055678,28.677044
28.680192,-0.061538,28.680192
28.683183,-0.061538,28.683183
28.686142,-0.061538,28.686142
28.689113,-0.061538,28.689113
28.692107,-0.067399,28.692107
28.695190,-0.067399,28.695190
28.698152,-0.067399,28.698152
28.701197,-0.067399,28.701197
28.704111,-0.067399,28.704111
28.707173,-0.067399,28.707173
28.710169,-0.061538,28.710169
28.713145,-0.067399,28.713145
28.716097,-0.067399,28.716097
28.719143,-0.067399,28.719143
28.722424,-0.067399,28.722424
28.725306,-0.067399,28.725306
28.728303,-0.067399,28.728303
28.730842,-0.061538,28.730842
28.733865,-0.067399,28.733865
28.736956,-0.067399,28.736956
28.745823,-0.067399,28.745823
28.749111,-0.067399,28.749111
28.751408,-0.067399,28.751408
28.754440,-0.067399,28.754440
28.757395,-0.067399,28.757395
28.760405,-0.067399,28.760405
28.765375,-0.067399,28.765375
28.768411,-0.067399,28.768411
28.773306,-0.067399,28.773306
28.776787,-0.067399,28.776787
28.780035,-0.067399,28.780035
28.782517,-0.067399,28.782517
28.785454,-0.067399,28.785454
28.788571,-0.067399,28.788571
28.791091,-0.067399,28.791091
28.794055,-0.067399,28.794055
28.797317,-0.067399,28.797317
28.800068,-0.067399,28.800068
28.802871,-0.067399,28.802871
28.805698,-0.067399,28.805698
28.808709,-0.067399,28.808709
28.811251,-0.067399,28.811251
28.814207,-0.067399,28.814207
28.817307,-0.067399,28.817307
28.820275,-0.061538,28.820275
28.823229,-0.061538,28.823229
28.826281,-0.061538,28.826281
28.829512,-0.061538,28.829512
28.832243,-0.061538,28.832243
28.835195,-0.061538,28.835195
28.838210,-0.067399,28.838210
28.847209,-0.067399,28.847209
28.850201,-0.061538,28.850201
28.853191,-0.061538,28.853191
28.856251,-0.067399,28.856251
28.859209,-0.067399,28.859209
28.862258,-0.067399,28.862258
28.865203,-0.067399,28.865203
28.868286,-0.067399,28.868286
28.871209,-0.067399,28.871209
28.874198,-0.061538,28.874198
28.877215,-0.061538,28.877215
28.880177,-0.061538,28.880177
28.883261,-0.061538,28.883261
28.886186,-0.061538,28.886186
28.890878,-0.067399,28.890878
28.898041,-0.067399,28.898041
28.901334,-0.061538,28.901334
28.904203,-0.061538,28.904203
28.907252,-0.061538,28.907252
28.910279,-0.061538,28.910279
28.913211,-0.061538,28.913211
28.916171,-0.067399,28.916171
28.919192,-0.061538,28.919192
28.921885,-0.061538,28.921885
28.924756,-0.061538,28.924756
28.927739,-0.061538,28.927739
28.930700,-0.067399,28.930700
28.933702,-0.061538,28.933702
28.936790,-0.061538,28.936790
28.939708,-0.067399,28.939708
28.948250,-0.061538,28.948250
28.951334,-0.067399,28.951334
28.954272,-0.067399,28.954272
28.957225,-0.067399,28.957225
28.960250,-0.061538,28.960250
28.962797,-0.061538,28.962797
28.965733,-0.067399,28.965733
28.968725,-0.061538,28.968725
28.971725,-0.061538,28.971725
28.974755,-0.061538,28.974755
28.977753,-0.067399,28.977753
28.980707,-0.067399,28.980707
28.983777,-0.067399,28.983777
28.986734,-0.061538,28.986734
28.989761,-0.067399,28.989761
28.992247,-0.061538,28.992247
28.995250,-0.061538,28.995250
28.998357,-0.061538,28.998357
29.000808,-0.067399,29.000808
29.003882,-0.067399,29.003882
29.006800,-0.061538,29.006800
29.009751,-0.061538,29.009751
29.012253,-0.061538,29.012253
29.016137,-0.061538,29.016137
29.023548,-0.061538,29.023548
29.026305,-0.061538,29.026305
29.029604,-0.061538,29.029604
29.032281,-0.061538,29.032281
29.035281,-0.067399,29.035281
29.038253,-0.061538,29.038253
29.040829,-0.061538,29.040829
29.049818,-0.067399,29.049818
29.052332,-0.067399,29.052332
29.055405,-0.067399,29.055405
29.058328,-0.061538,29.058328
29.060834,-0.067399,29.060834
29.063321,-0.067399,29.063321
29.066297,-0.067399,29.066297
29.069356,-0.067399,29.069356
29.071861,-0.067399,29.071861
29.074938,-0.067399,29.074938
29.077812,-0.061538,29.077812
29.080892,-0.061538,29.080892
29.083915,-0.061538,29.083915
29.086883,-0.067399,29.086883
29.089809,-0.067399,29.089809
29.092373,-0.067399,29.092373
29.095378,-0.061538,29.095378
29.098346,-0.061538,29.098346
29.100863,-0.067399,29.100863
29.103882,-0.061538,29.103882
29.106942,-0.061538,29.106942
29.109919,-0.061538,29.109919
29.112885,-0.061538,29.112885
29.115881,-0.061538,29.115881
29.118860,-0.061538,29.118860
29.121482,-0.061538,29.121482
29.124071,-0.067399,29.124071
29.127000,-0.067399,29.127000
29.129943,-0.067399,29.129943
29.133008,-0.067399,29.133008
29.135999,-0.067399,29.135999
29.139792,-0.061538,29.139792
29.146957,-0.055678,29.146957
29.156585,-0.067399,29.156585
29.159630,-0.067399,29.159630
29.162226,-0.067399,29.162226
29.165113,-0.067399,29.165113
29.168101,-0.067399,29.168101
29.171455,-0.067399,29.171455
29.174464,-0.067399,29.174464
29.177539,-0.067399,29.177539
29.180456,-0.073260,29.180456
29.183443,-0.067399,29.183443
29.186420,-0.061538,29.186420
29.189470,-0.061538,29.189470
29.192110,-0.061538,29.192110
29.195077,-0.061538,29.195077
29.198078,-0.061538,29.198078
29.200735,-0.061538,29.200735
29.203726,-0.061538,29.203726
29.206724,-0.061538,29.206724
29.209731,-0.067399,29.209731
29.212381,-0.061538,29.212381
29.215504,-0.067399,29.215504
29.218375,-0.061538,29.218375
29.221471,-0.061538,29.221471
29.224429,-0.067399,29.224429
29.227445,-0.067399,29.227445
29.230501,-0.067399,29.230501
29.233509,-0.067399,29.233509
29.236486,-0.061538,29.236486
29.239486,-0.061538,29.239486
29.242781,-0.067399,29.242781
29.245625,-0.067399,29.245625
29.248624,-0.061538,29.248624
29.257621,-0.061538,29.257621
29.260628,-0.061538,29.260628
29.264156,-0.061538,29.264156
29.271347,-0.061538,29.271347
29.274088,-0.067399,29.274088
29.276754,-0.067399,29.276754
29.279617,-0.061538,29.279617
29.282291,-0.061538,29.282291
29.285132,-0.061538,29.285132
29.288092,-0.067399,29.288092
29.291104,-0.061538,29.291104
29.294100,-0.061538,29.294100
29.297153,-0.061538,29.297153
29.300200,-0.067399,29.300200
29.303123,-0.067399,29.303123
29.306088,-0.067399,29.306088
29.309180,-0.067399,29.309180
29.311655,-0.067399,29.311655
29.314635,-0.067399,29.314635
29.317593,-0.061538,29.317593
29.320637,-0.061538,29.320637
29.323754,-0.061538,29.323754
29.326630,-0.061538,29.326630
29.329595,-0.061538,29.329595
29.332165,-0.061538,29.332165
29.335228,-0.061538,29.335228
29.338226,-0.061538,29.338226
29.341125,-0.061538,29.341125
29.344130,-0.067399,29.344130
29.347099,-0.067399,29.347099
29.350157,-0.067399,29.350157
29.359086,-0.067399,29.359086
29.361761,-0.067399,29.361761
29.364143,-0.067399,29.364143
29.366730,-0.067399,29.366730
29.369781,-0.067399,29.369781
29.372185,-0.061538,29.372185
29.375255,-0.061538,29.375255
29.378195,-0.061538,29.378195
29.381170,-0.067399,29.381170
29.384172,-0.061538,29.384172
29.387453,-0.067399,29.387453
29.394295,-0.067399,29.394295
29.397186,-0.067399,29.397186
29.400265,-0.067399,29.400265
29.403386,-0.067399,29.403386
29.406201,-0.067399,29.406201
29.409194,-0.067399,29.409194
29.411739,-0.067399,29.411739
29.414756,-0.061538,29.414756
29.417736,-0.061538,29.417736
29.420739,-0.061538,29.420739
29.423741,-0.061538,29.423741
29.426724,-0.067399,29.426724
29.429736,-0.061538,29.429736
29.432288,-0.067399,29.432288
29.435259,-0.067399,29.435259
29.438207,-0.067399,29.438207
29.441284,-0.067399,29.441284
29.444261,-0.067399,29.444261
29.447249,-0.067399,29.447249
29.450210,-0.067399,29.450210
29.459232,-0.067399,29.459232
29.461748,-0.067399,29.461748
29.464305,-0.061538,29.464305
29.467277,-0.067399,29.467277
29.470376,-0.061538,29.470376
29.473299,-0.067399,29.473299
29.476245,-0.061538,29.476245
29.479308,-0.061538,29.479308
29.481971,-0.067399,29.481971
29.484832,-0.067399,29.484832
29.487860,-0.067399,29.487860
29.490754,-0.067399,29.490754
29.493776,-0.073260,29.493776
29.496827,-0.067399,29.496827
29.499809,-0.067399,29.499809
29.502269,-0.067399,29.502269
29.505272,-0.067399,29.505272
29.508345,-0.061538,29.508345
